-- phpMyAdmin SQL Dump
-- version 2.8.2.4
-- http://www.phpmyadmin.net
-- 
-- Host: localhost:3306
-- Generation Time: Apr 17, 2008 at 10:19 PM
-- Server version: 3.23.58
-- PHP Version: 5.2.3
-- 
-- Database: `agamayoga`
-- 
DROP DATABASE `agamayoga`;
CREATE DATABASE `agamayoga`;
USE agamayoga;

-- --------------------------------------------------------

-- 
-- Table structure for table `tbladmin`
-- 

DROP TABLE IF EXISTS `tbladmin`;
CREATE TABLE IF NOT EXISTS `tbladmin` (
  `iduser` int(11) NOT NULL default '0',
  `chrusername` char(50) default NULL,
  `chrpassword` char(50) default NULL,
  PRIMARY KEY  (`iduser`),
  KEY `iduser` (`iduser`)
) TYPE=MyISAM;

-- 
-- Dumping data for table `tbladmin`
-- 

INSERT INTO `tbladmin` (`iduser`, `chrusername`, `chrpassword`) VALUES (1, 'admin', 'newagama');

-- --------------------------------------------------------

-- 
-- Table structure for table `tblcountries`
-- 

DROP TABLE IF EXISTS `tblcountries`;
CREATE TABLE IF NOT EXISTS `tblcountries` (
  `idcountry` smallint(6) NOT NULL default '0',
  `chrcountry` char(255) default NULL,
  PRIMARY KEY  (`idcountry`)
) TYPE=MyISAM;

-- 
-- Dumping data for table `tblcountries`
-- 

INSERT INTO `tblcountries` (`idcountry`, `chrcountry`) VALUES (1, 'Argentina'),
(2, 'Australia'),
(3, 'Austria'),
(4, 'Belgium'),
(5, 'Brazil'),
(6, 'Bulgaria'),
(7, 'Canada'),
(8, 'China'),
(9, 'Colombia'),
(10, 'Costa Rica'),
(11, 'Czech Republic'),
(12, 'Denmark'),
(13, 'Finland'),
(14, 'France'),
(15, 'Germany'),
(16, 'Greece'),
(17, 'Hungary'),
(18, 'Iceland'),
(19, 'India'),
(20, 'Ireland'),
(21, 'Israel'),
(22, 'Italy'),
(23, 'Japan'),
(24, 'Korea'),
(25, 'Malaysia'),
(26, 'Mexico'),
(27, 'Netherlands'),
(28, 'New Zealand'),
(29, 'Norway'),
(30, 'Peru'),
(31, 'Poland'),
(32, 'Portugal'),
(33, 'Romania'),
(34, 'Russia'),
(35, 'Singapore'),
(36, 'South Africa'),
(37, 'Spain'),
(38, 'Sweden'),
(39, 'Switzerland'),
(40, 'Thailand'),
(41, 'Turkey'),
(42, 'UK'),
(43, 'USA'),
(44, 'Vietnam'),
(45, 'Venezuala'),
(46, 'Yugoslavia'),
(100, 'Unknown'),
(101, 'Malta');

-- --------------------------------------------------------

-- 
-- Table structure for table `tblstudent_workshops`
-- 

DROP TABLE IF EXISTS `tblstudent_workshops`;
CREATE TABLE IF NOT EXISTS `tblstudent_workshops` (
  `idstudent_workshops` int(11) NOT NULL default '0',
  `idstudent` int(11) NOT NULL default '0',
  `idworkshop` int(11) NOT NULL default '0',
  PRIMARY KEY  (`idstudent_workshops`),
  KEY `idstudent` (`idstudent`),
  KEY `idstudent_workshops` (`idstudent_workshops`),
  KEY `idworkshop` (`idworkshop`)
) TYPE=MyISAM;

-- 
-- Dumping data for table `tblstudent_workshops`
-- 

INSERT INTO `tblstudent_workshops` (`idstudent_workshops`, `idstudent`, `idworkshop`) VALUES (782, 199, 6),
(608, 1146, 12),
(495, 133, 10),
(494, 133, 22),
(493, 133, 19),
(492, 133, 6),
(28, 1001, 1),
(27, 1001, 2),
(46, 912, 2),
(753, 31, 6),
(752, 31, 5),
(751, 31, 27),
(750, 31, 12),
(749, 31, 1),
(748, 31, 7),
(747, 31, 2),
(491, 133, 5),
(490, 133, 3),
(607, 1146, 1),
(250, 591, 3),
(249, 591, 15),
(248, 591, 12),
(247, 591, 1),
(246, 591, 7),
(245, 591, 16),
(244, 591, 2),
(243, 591, 11),
(47, 912, 7),
(48, 912, 1),
(49, 912, 12),
(50, 912, 5),
(51, 912, 10),
(61, 1078, 1),
(62, 1078, 5),
(63, 1078, 6),
(64, 1082, 1),
(65, 1085, 1),
(66, 1086, 1),
(67, 741, 1),
(657, 1788, 24),
(656, 1787, 24),
(655, 1786, 24),
(654, 1785, 24),
(641, 1488, 10),
(640, 1488, 6),
(639, 1488, 5),
(638, 1488, 12),
(489, 133, 15),
(781, 199, 5),
(780, 199, 3),
(779, 199, 23),
(778, 199, 15),
(777, 199, 14),
(776, 199, 27),
(775, 199, 12),
(774, 199, 1),
(773, 199, 8),
(772, 199, 7),
(771, 199, 16),
(770, 199, 2),
(488, 133, 14),
(487, 133, 12),
(486, 133, 1),
(485, 133, 7),
(117, 1223, 11),
(118, 1223, 16),
(119, 1223, 1),
(120, 1223, 12),
(121, 1223, 6),
(649, 1222, 6),
(648, 1222, 5),
(647, 1222, 15),
(646, 1222, 12),
(645, 1222, 1),
(644, 1222, 7),
(643, 1222, 16),
(642, 1222, 11),
(203, 70, 4),
(202, 70, 6),
(201, 70, 5),
(200, 70, 3),
(199, 70, 12),
(198, 70, 1),
(197, 70, 8),
(196, 70, 7),
(195, 70, 2),
(160, 696, 7),
(161, 696, 1),
(162, 696, 12),
(163, 696, 3),
(164, 696, 5),
(165, 696, 6),
(230, 294, 19),
(229, 294, 6),
(228, 294, 5),
(227, 294, 3),
(226, 294, 15),
(225, 294, 12),
(224, 294, 1),
(223, 294, 8),
(222, 294, 7),
(221, 294, 16),
(220, 294, 2),
(219, 294, 11),
(178, 570, 19),
(179, 823, 19),
(180, 520, 19),
(181, 785, 19),
(182, 866, 19),
(183, 532, 19),
(184, 516, 19),
(185, 208, 19),
(637, 1488, 1),
(204, 70, 19),
(205, 808, 19),
(206, 412, 2),
(207, 412, 16),
(208, 412, 7),
(209, 412, 12),
(210, 412, 15),
(211, 412, 5),
(212, 412, 6),
(213, 412, 19),
(214, 412, 17),
(567, 536, 1),
(216, 685, 19),
(756, 379, 27),
(218, 521, 19),
(231, 294, 10),
(650, 468, 19),
(233, 186, 19),
(234, 504, 19),
(235, 469, 19),
(236, 650, 19),
(237, 656, 19),
(238, 247, 19),
(239, 266, 13),
(240, 266, 19),
(241, 811, 19),
(242, 296, 19),
(251, 591, 5),
(252, 591, 6),
(253, 591, 19),
(254, 591, 10),
(255, 598, 19),
(256, 1065, 19),
(257, 295, 13),
(258, 295, 19),
(259, 297, 19),
(260, 195, 19),
(261, 789, 19),
(262, 30, 19),
(745, 744, 6),
(480, 995, 1),
(265, 835, 19),
(484, 133, 2),
(278, 787, 19),
(769, 199, 11),
(293, 818, 19),
(294, 1160, 1),
(295, 1160, 13),
(296, 1287, 18),
(297, 1288, 18),
(298, 1282, 18),
(299, 1289, 18),
(300, 1290, 18),
(301, 1291, 18),
(302, 1292, 18),
(303, 1293, 18),
(304, 1294, 18),
(305, 1295, 18),
(306, 1296, 18),
(307, 1297, 18),
(308, 103, 18),
(309, 103, 5),
(310, 103, 10),
(311, 1298, 18),
(312, 1299, 18),
(313, 1300, 18),
(314, 1300, 5),
(315, 1301, 18),
(316, 1301, 5),
(318, 1302, 5),
(317, 1302, 18),
(319, 1304, 18),
(320, 1304, 5),
(321, 1305, 18),
(322, 1305, 2),
(323, 1305, 12),
(324, 1305, 5),
(325, 1306, 18),
(326, 1307, 18),
(327, 1308, 18),
(328, 1309, 18),
(631, 224, 21),
(330, 1312, 18),
(331, 1312, 5),
(332, 1314, 18),
(651, 1780, 24),
(334, 1316, 18),
(335, 1317, 18),
(336, 1317, 5),
(337, 1318, 18),
(338, 1318, 5),
(339, 1319, 18),
(340, 1319, 5),
(341, 1320, 18),
(342, 1320, 5),
(343, 1321, 18),
(344, 1321, 5),
(345, 1322, 18),
(346, 1322, 5),
(347, 1323, 18),
(348, 1323, 5),
(349, 1324, 18),
(350, 1324, 5),
(351, 1325, 18),
(352, 1325, 5),
(353, 1326, 18),
(354, 1326, 5),
(355, 1327, 18),
(356, 1328, 18),
(357, 1329, 18),
(358, 1331, 18),
(359, 1332, 18),
(360, 1333, 18),
(361, 1334, 18),
(362, 1335, 18),
(363, 1336, 18),
(364, 1336, 5),
(365, 1337, 18),
(366, 1337, 5),
(367, 1338, 18),
(368, 1338, 5),
(369, 1339, 18),
(370, 1339, 5),
(371, 1340, 18),
(372, 1340, 10),
(373, 1341, 18),
(374, 1341, 10),
(375, 1342, 18),
(376, 1342, 10),
(377, 1343, 18),
(378, 1343, 10),
(379, 1344, 18),
(380, 1344, 10),
(381, 1345, 18),
(382, 1345, 10),
(383, 1346, 18),
(384, 1346, 10),
(385, 1347, 18),
(386, 1347, 10),
(387, 1348, 18),
(388, 1348, 10),
(389, 1349, 18),
(390, 1349, 10),
(391, 1350, 18),
(392, 1350, 10),
(393, 1351, 18),
(394, 1351, 5),
(395, 1351, 10),
(397, 1352, 5),
(396, 1352, 18),
(398, 1353, 18),
(399, 1354, 18),
(400, 1355, 18),
(401, 1356, 18),
(524, 1357, 7),
(523, 1357, 18),
(404, 1358, 18),
(405, 1359, 18),
(406, 1360, 18),
(407, 1361, 18),
(408, 1362, 18),
(409, 1363, 18),
(410, 1364, 18),
(411, 1365, 18),
(412, 1366, 18),
(413, 1367, 18),
(414, 1367, 5),
(415, 1368, 18),
(416, 1369, 18),
(417, 1369, 5),
(418, 1370, 18),
(419, 1370, 5),
(420, 1371, 18),
(421, 1371, 5),
(422, 1372, 18),
(423, 1372, 5),
(424, 1373, 18),
(425, 1373, 5),
(426, 1374, 18),
(427, 1374, 5),
(428, 1375, 18),
(429, 1375, 5),
(430, 1376, 18),
(431, 1376, 5),
(432, 1377, 18),
(433, 1377, 5),
(434, 1378, 5),
(435, 1379, 18),
(436, 1379, 5),
(437, 1380, 18),
(438, 1380, 5),
(439, 1381, 18),
(440, 1381, 5),
(441, 1382, 18),
(442, 1382, 5),
(443, 1395, 18),
(444, 1395, 5),
(445, 1396, 18),
(446, 1396, 5),
(447, 1398, 18),
(448, 1398, 5),
(449, 1399, 18),
(450, 1399, 5),
(451, 1400, 18),
(452, 1400, 2),
(453, 1400, 3),
(454, 1400, 5),
(458, 1410, 19),
(457, 1410, 13),
(456, 1410, 5),
(455, 1410, 1),
(459, 1417, 21),
(460, 1418, 21),
(461, 1419, 21),
(462, 1420, 21),
(463, 1421, 21),
(464, 1422, 21),
(653, 1784, 24),
(466, 1425, 22),
(467, 1427, 22),
(468, 1428, 22),
(469, 1068, 22),
(470, 1430, 22),
(471, 1437, 21),
(472, 1438, 21),
(473, 134, 1),
(474, 134, 12),
(475, 134, 10),
(476, 134, 21),
(477, 1406, 1),
(478, 1406, 5),
(479, 1406, 21),
(481, 995, 12),
(482, 995, 5),
(483, 995, 19),
(496, 133, 21),
(497, 133, 17),
(498, 432, 21),
(499, 1439, 21),
(500, 1440, 21),
(501, 1442, 7),
(502, 1442, 20),
(503, 1442, 12),
(504, 1442, 15),
(505, 1095, 21),
(506, 1443, 21),
(630, 18, 21),
(508, 1272, 21),
(509, 1444, 21),
(510, 1445, 21),
(511, 1447, 21),
(512, 1448, 1),
(513, 1448, 12),
(534, 1450, 1),
(520, 1453, 6),
(519, 1453, 5),
(518, 1453, 15),
(517, 1453, 12),
(516, 1453, 1),
(515, 1453, 11),
(522, 47, 12),
(521, 47, 1),
(525, 1357, 20),
(526, 1357, 5),
(527, 1455, 1),
(528, 1104, 11),
(529, 1104, 1),
(530, 1104, 12),
(531, 1104, 15),
(532, 1104, 5),
(533, 1104, 6),
(535, 1452, 18),
(536, 1462, 1),
(537, 1462, 5),
(538, 1462, 6),
(539, 878, 1),
(652, 1783, 24),
(541, 1464, 5),
(744, 744, 5),
(743, 744, 15),
(742, 744, 27),
(741, 744, 12),
(740, 744, 1),
(739, 744, 7),
(738, 744, 16),
(737, 744, 11),
(551, 1466, 1),
(552, 768, 7),
(553, 768, 1),
(554, 768, 12),
(555, 1468, 1),
(556, 354, 16),
(557, 354, 7),
(558, 354, 20),
(559, 354, 1),
(560, 354, 12),
(561, 354, 15),
(562, 354, 5),
(563, 354, 6),
(564, 354, 19),
(565, 354, 10),
(566, 354, 17),
(568, 536, 12),
(569, 536, 15),
(570, 536, 5),
(571, 536, 6),
(572, 536, 19),
(573, 536, 10),
(574, 665, 1),
(575, 665, 12),
(576, 665, 5),
(577, 665, 6),
(578, 1469, 1),
(579, 1470, 1),
(580, 1470, 12),
(581, 1475, 1),
(582, 1478, 1),
(583, 1484, 11),
(584, 1484, 1),
(589, 1485, 6),
(588, 1485, 5),
(587, 1485, 12),
(586, 1485, 1),
(585, 1485, 11),
(590, 1489, 1),
(591, 1493, 11),
(592, 1493, 1),
(594, 1494, 12),
(593, 1494, 1),
(595, 1495, 1),
(596, 1495, 12),
(597, 1495, 15),
(598, 1495, 5),
(599, 1495, 13),
(600, 1495, 17),
(601, 1505, 16),
(602, 1505, 1),
(603, 1505, 12),
(604, 1505, 15),
(605, 1505, 6),
(606, 1505, 17),
(609, 1146, 15),
(610, 1146, 5),
(611, 1508, 1),
(614, 1511, 5),
(613, 1511, 12),
(612, 1511, 1),
(615, 1512, 1),
(616, 1518, 1),
(765, 1519, 1),
(618, 1523, 1),
(619, 1526, 21),
(620, 1527, 21),
(621, 1528, 21),
(634, 1529, 21),
(633, 384, 21),
(762, 1127, 5),
(761, 1127, 14),
(760, 1127, 27),
(759, 1127, 12),
(758, 1127, 1),
(632, 1534, 21),
(635, 854, 21),
(636, 1050, 21),
(658, 1789, 24),
(659, 1790, 24),
(660, 1791, 24),
(661, 1792, 24),
(662, 1793, 24),
(663, 1794, 24),
(664, 1795, 24),
(665, 1796, 24),
(666, 1797, 24),
(667, 1798, 24),
(668, 1799, 24),
(669, 1800, 24),
(670, 1801, 24),
(671, 1802, 24),
(672, 1803, 24),
(673, 1804, 24),
(674, 1806, 24),
(675, 1805, 24),
(676, 1807, 24),
(677, 1808, 24),
(678, 1809, 24),
(679, 1810, 24),
(680, 1811, 24),
(681, 1812, 24),
(682, 1813, 24),
(683, 1814, 24),
(684, 1815, 24),
(685, 1817, 24),
(686, 1818, 24),
(687, 1820, 24),
(688, 1819, 24),
(689, 1821, 24),
(690, 1823, 24),
(691, 1822, 24),
(692, 1824, 24),
(693, 1825, 24),
(694, 1826, 24),
(695, 1827, 24),
(696, 1828, 24),
(697, 1829, 24),
(698, 1830, 24),
(699, 1831, 24),
(700, 1832, 24),
(701, 1720, 24),
(702, 1833, 24),
(703, 1834, 24),
(704, 1709, 24),
(705, 1836, 24),
(706, 1837, 24),
(707, 1838, 24),
(708, 1839, 24),
(709, 1840, 24),
(710, 1841, 24),
(711, 1842, 24),
(712, 1843, 24),
(713, 1844, 24),
(714, 1845, 24),
(715, 1846, 24),
(716, 1847, 24),
(717, 1848, 24),
(718, 1849, 24),
(719, 1850, 24),
(720, 1851, 24),
(721, 1852, 24),
(722, 1853, 24),
(723, 1854, 24),
(724, 1855, 24),
(725, 1856, 24),
(726, 1857, 24),
(727, 1858, 24),
(728, 1859, 24),
(729, 1860, 24),
(730, 1861, 24),
(731, 1862, 24),
(732, 1863, 24),
(733, 1864, 24),
(734, 1110, 27),
(735, 327, 27),
(736, 603, 27),
(746, 744, 19),
(754, 31, 10),
(755, 463, 27),
(757, 379, 19),
(763, 1127, 13),
(764, 1571, 27),
(766, 1519, 27),
(767, 1517, 27),
(768, 199, 18),
(783, 199, 4),
(784, 199, 19),
(785, 199, 10),
(786, 199, 25),
(787, 1942, 24),
(806, 1943, 24),
(789, 1944, 24),
(790, 1945, 24),
(791, 1947, 24),
(792, 1948, 24),
(793, 1949, 24),
(794, 1950, 24),
(795, 1951, 24),
(796, 1952, 24),
(797, 1953, 24),
(798, 1954, 24),
(799, 1955, 24),
(800, 1956, 24),
(801, 1957, 24),
(802, 1958, 24),
(803, 1959, 24),
(804, 1960, 24),
(805, 1961, 24),
(807, 1970, 24),
(808, 1971, 24),
(809, 1972, 24),
(810, 1973, 24),
(811, 1974, 24),
(812, 1975, 24),
(813, 1976, 24),
(814, 1977, 24),
(815, 1978, 24),
(816, 1979, 24),
(817, 1980, 24),
(818, 1981, 24),
(819, 1982, 24),
(820, 1983, 24),
(821, 1984, 24),
(822, 1985, 24),
(823, 1986, 24),
(824, 1988, 24),
(825, 1989, 24),
(826, 1990, 24),
(827, 1991, 24),
(828, 1992, 24),
(829, 1993, 24),
(830, 1994, 24),
(831, 1995, 24),
(832, 1996, 24),
(833, 1997, 24),
(834, 1999, 24),
(835, 2000, 24),
(836, 2001, 24),
(837, 2002, 24),
(838, 2003, 24),
(839, 2004, 24),
(840, 2005, 24),
(841, 2006, 24),
(842, 2007, 24),
(843, 2008, 24),
(844, 2009, 24),
(845, 2010, 24),
(846, 2011, 24),
(847, 2012, 24),
(848, 2013, 24),
(849, 2014, 24),
(850, 2015, 24),
(851, 2016, 24),
(852, 2017, 24),
(853, 2018, 24),
(854, 2019, 24),
(855, 2020, 24),
(856, 2021, 24),
(857, 2022, 24),
(858, 2023, 24),
(859, 2024, 24),
(860, 2025, 24),
(861, 2026, 24);

-- --------------------------------------------------------

-- 
-- Table structure for table `tblstudents`
-- 

DROP TABLE IF EXISTS `tblstudents`;
CREATE TABLE IF NOT EXISTS `tblstudents` (
  `idstudent` int(11) NOT NULL default '0',
  `chrfirstname` char(255) default NULL,
  `chrsurname` char(255) default NULL,
  `chremail` char(255) default NULL,
  `idcountry` smallint(6) NOT NULL default '0',
  `dtdob` datetime default NULL,
  PRIMARY KEY  (`idstudent`),
  KEY `idcountry` (`idcountry`)
) TYPE=MyISAM;

-- 
-- Dumping data for table `tblstudents`
-- 

INSERT INTO `tblstudents` (`idstudent`, `chrfirstname`, `chrsurname`, `chremail`, `idcountry`, `dtdob`) VALUES (81, 'Miri', 'Blum', 'miri_blum@hotmail.com', 21, NULL),
(82, 'Job', 'Boersma', 'jobboersma@hotmail.com', 27, NULL),
(83, 'Bradut', 'Boghita', 'bradut@freeuk.com', 42, NULL),
(84, 'Jannie', 'Bohn-Johansen', 'jannie_dk@hotmail.com', 12, NULL),
(85, 'Vanessa', 'Bolton', 'vanessabolton@hotmail.com', 42, NULL),
(86, 'Tamara', 'Bondi', 'tamaralux@gmx.de', 15, NULL),
(87, 'Johannes', 'Bonig', 'siddhisearch@yahoo.com', 15, NULL),
(88, 'Justine', 'Bonner', 'justinebonner@hotmail.com', 42, NULL),
(89, 'Lucas', 'Book', 'l.book@comcast.net', 100, NULL),
(90, 'Andrea', 'Borbolla', 'flordeloto55@hotmail.com', 26, NULL),
(91, 'Tony', 'Borowiec', 'tony.borowiec@gmail.com', 2, NULL),
(92, 'Liz', 'Boucher', 'ejboucher@hotmail.com', 2, NULL),
(93, 'Garth', 'Bowden', 'gaffa.bee@virgin.net', 42, NULL),
(94, 'Sarah', 'Bower', 'bowersox1@hotmail.com', 42, NULL),
(95, 'Peter', 'Brandt', 'tdnarbretop@hotmail.com', 7, NULL),
(1053, 'Markku', 'Tilli', 'markku.tilli@gmail.com', 13, NULL),
(97, 'Anita', 'Breuer', 'spriess@yahoo.com', 38, NULL),
(98, 'Anita', 'Breuer', 'anitabreuer81@yahoo.com', 39, NULL),
(99, 'Bridget', 'Bridgeman', 'merlokat@hotmail.com', 42, NULL),
(100, 'Amanda', 'Brigden', 'a_brigden@hotmail.com', 2, NULL),
(101, 'Scott', 'Briggs', 'scott_briggs@yahoo.com', 43, NULL),
(102, 'Jennifer', 'Brinn', 'jenniferbrinn@yahoo.com', 100, NULL),
(103, 'Steve', 'Brodsky', 'sacredhollow@msn.com', 43, '1973-04-23 00:00:00'),
(104, 'Nir', 'Brosh', 'broshnir@hotmail.com', 21, NULL),
(105, 'Yvette', 'Brown', 'eveybrown@hotmail.com', 42, NULL),
(106, 'Kevin', 'Brown', 'kevin@tantrawithlove.com', 43, NULL),
(107, 'Mike', 'Brown', 'alfabrown@yahoo.com', 43, NULL),
(108, 'Horia', 'Bucurica', 'horia@infotravel.dk', 12, NULL),
(109, 'Sandra', 'Buehlmann', 'sbuehlmann@hotmail.com', 38, NULL),
(110, 'Joachim', 'Buhner', 'joachim.buehner@eb.de', 15, NULL),
(111, 'Fiona', 'Burger', 'fionaburger22@hotmail.com', 42, NULL),
(112, 'Linda', 'Burrell', 'labelle1@hotmail.com', 20, NULL),
(113, 'Karena', 'Butler', 'dunescape@hotmail.com', 36, NULL),
(114, 'Cecilia', 'Caballero', 'iamcecy@hotmail.com', 100, NULL),
(115, 'Rossina', 'Calderon-Vera', 'rossina@hotmail.com', 30, NULL),
(116, 'Tessa', 'Calkhoven', 'tessacalkhoven@yahoo.com', 27, NULL),
(1031, 'paola', 'izzo', 'kayyjenn@yahoo.com', 38, NULL),
(118, 'Camilla', 'Cameron', 'camillacameron@hotmail.com', 100, NULL),
(119, 'Jehoshua', 'Camus', 'jehoshuat@hotmail.com', 37, NULL),
(120, 'Pascal', 'Canedi', 'pascalcanedi@hotmail.fr', 14, NULL),
(121, 'Michele', 'Carobolante', 'michele.carobolante@libero.it', 22, NULL),
(1059, 'rivo', 'rosin', 'rivo.rosin@hmb.ee', 100, NULL),
(123, 'Hannah', 'Carpenter', 'ojasananda@yahoo.com', 42, NULL),
(124, 'Nicoleta', 'Carpineanu', 'ncarpineanu@hotmail.com', 34, NULL),
(125, 'Mark', 'Carroll', 'markarmas1@yahoo.com', 2, NULL),
(126, 'Ben', 'Carver', 'bencarver666@hotmail.com', 42, NULL),
(127, 'Rio', 'Casey', 'riorocca@lifeisastory.net', 43, NULL),
(128, 'Eliane', 'Castonguay', 'elmc13@yahoo.ca', 7, NULL),
(129, 'David', 'Caussieu', 'caussieu@compaqnet.fr', 14, NULL),
(130, 'Amado', 'Cavazos', 'amcav@yahoo.com', 26, NULL),
(131, 'Ester', 'Cerro', 'estercilla_es@yahoo.es', 37, NULL),
(132, 'Eric', 'Champagne', 'mandrick98@yahoo.com', 7, NULL),
(133, 'James', 'Chard', 'james@agamayoga.com', 42, '1972-04-23 00:00:00'),
(134, 'Moyna', 'Chard', 'moyna_chard@yahoo.co.uk', 42, NULL),
(135, 'Grigoris', 'Chatzikostas', 'gkchatzi@freemail.gr', 16, NULL),
(136, 'Yael', 'Cherniak', 'cherniaky@hotmail.com', 21, NULL),
(1054, 'Christian', 'K', 'christian_isde_sun@gmx.net', 25, NULL),
(138, 'Remi', 'Chevreau', 'remichevreau@hotmail.com', 14, NULL),
(139, 'Tuval', 'Chomut', 'tuval@itgil.com', 21, NULL),
(140, 'Cristian', 'Christensen', 'cristian@get2net.dk', 12, NULL),
(141, 'Niels', 'Christian', 'nckk@mail.dk', 12, NULL),
(142, 'Ann', 'Christine', 'taraof.peace@mail.tele.dk', 12, NULL),
(143, 'Jens', 'Chr-Ulrich', 'jculrich@hotmail.com', 29, NULL),
(144, 'Paul', 'Clark', 'paul.clark@mail.com', 42, NULL),
(145, 'Jamie', 'Clarke', 'jamie_d_clarke@hotmail.com', 42, NULL),
(146, 'Camilla', 'Clausen', 'mille@mail-online.dk', 12, NULL),
(147, 'Eliza', 'Cleeman', 'iubire@worldonline.dk', 12, NULL),
(148, 'Lindsey', 'Clifford', 'ldog60@hotmail.com', 40, NULL),
(1039, 'Anna', 'Norlin', 'zionalv@yahoo.se', 38, NULL),
(150, 'Boaz', 'Cohen', 'boaz_coen@hotmail.com', 21, NULL),
(151, 'Carmit', 'Cohen', 'cacohen@bezeqint.net', 21, NULL),
(152, 'Dafna', 'Cohen', 'dafnaleecohen@yahoo.com', 21, NULL),
(153, 'Gill', 'Cohen', 'cohengil@hotmail.com', 21, NULL),
(154, 'Roni', 'Cohen', 'ronicohen@hotmail.com', 21, NULL),
(155, 'Shelly', 'Cole', 'shellcole2@yahoo.co.uk', 42, NULL),
(156, 'Renlee', 'Collier', 'friendlyrenlee@hotmail.com', 43, NULL),
(157, 'Tudor', 'Condrea', 'tudor_condrea@yahoo.com', 33, NULL),
(158, 'David', 'Connolly', 'unclefraggle@campus.ie', 20, NULL),
(159, 'Sara', 'Cordova', 'cordova@netvision.net.il', 21, NULL),
(160, 'Martin', 'Cormier', 'blueshiva@yahoo.com', 7, NULL),
(161, 'Andrew', 'Corns', 'andrewcorns@care2.com', 42, NULL),
(162, 'Theresa', 'Corr', 'pebs73@hotmail.com', 42, NULL),
(163, 'Richard', 'Crane', 'talents@flash.net', 43, NULL),
(164, 'Annabella', 'Cremonte', 'yogannaba@yahoo.it', 22, NULL),
(165, 'Christine', 'Crimack', 'bigbirrdd@hotmail.com', 7, NULL),
(166, 'Maura', 'Cronin', 'Mauraadillon@hotmail.com', 43, NULL),
(167, 'Kelly', 'Crow', 'kellycherie13@hotmail.com', 2, NULL),
(168, 'Gorka', 'Cruz', 'gorkacruz@hotmail.com', 38, NULL),
(169, 'Kerry', 'Cunnington', 'roamingthree@hotmail.com', 42, NULL),
(170, 'Sean', 'Dahlen', 'sanctuaries@yahoo.com', 43, NULL),
(171, 'Georgiana', 'Danet', 'georgiana_d@hotmail.com', 38, NULL),
(172, 'Einat', 'Danieli', 'einat_danieli@hotmail.com', 21, NULL),
(173, 'Tanistha', 'Dansilp', 'tdansilp@hotmail.com', 40, NULL),
(174, 'L.E.', 'Das', 'dipani@hanmail.net', 24, NULL),
(175, 'Dana', 'Datcu', 'DDA@pls.dk', 12, NULL),
(176, 'Gabriela', 'David', 'gabriela7@forum.dk', 12, NULL),
(177, 'Harvey', 'Davis', 'harvey_d@ghaym-meuchad.org.il', 21, NULL),
(178, 'April', 'Dawe', 'aprildawe82@hotmail.com', 2, NULL),
(179, 'Esther', 'De Dugelis', 'dixir@divcon.co.uk', 42, NULL),
(180, 'Jacob', 'De Wilde', 'jacobdewilde@hotmail.com', 7, NULL),
(181, 'Mironel', 'De Wilde', 'think108@rediffmail.com', 7, NULL),
(182, 'Melissa', 'Oei', 'preying_mantis@hotmail.com', 7, NULL),
(183, 'Volker', 'Deissinger', 'filius40@yahoo.com', 15, NULL),
(184, 'Sigrid', 'Delmotte', 'sigridd@hotmail.com', 4, NULL),
(185, 'Michelle', 'Demille', 'michelledemille@hotmail.com', 100, NULL),
(186, 'Ran', 'Deren', 'randeren@yahoo.com', 21, NULL),
(187, 'Sangmo', 'Dery', 'sangmo_5@yahoo.com', 10, NULL),
(188, 'Keir', 'Desailly', 'sea_keir@optusnet.com.au', 2, NULL),
(189, 'Zoe', 'Detore', 'zoedetore@hotmail.com', 100, NULL),
(190, 'Akhila', 'Dhyan', 'akhilasun@hotmail.com', 21, NULL),
(191, 'Meg', 'Dickens', 'wanderingmegs@yahoo.co.uk', 42, NULL),
(192, 'Malinda', 'Dickins', 'maldoobie@hotmail.com', 2, NULL),
(193, 'Nicolas', 'Dieschbuurg', 'manolote81@hotmail.com', 14, NULL),
(194, 'Erin', 'Dixon', 'esdixon@wildmail.com', 43, NULL),
(195, 'Peter', 'Dobo', 'dobo@rocketmail.com', 38, NULL),
(196, 'Rubina', 'Dolvane', 'rdolvane@hotmail.com', 7, NULL),
(197, 'Rhiannon and Roxanna', 'Doma', 'roxanamac4@yahoo.com', 43, NULL),
(198, 'Andi', 'Dorr', 'andidoerr@hotmail.com', 15, NULL),
(199, 'Lori', 'Doyle', 'lori_doyle@hotmail.com', 43, NULL),
(200, 'Zhana', 'Drantyev', 'zhana@yahoo.com', 43, NULL),
(1242, 'hana', 'mokrisova', 'moogirl227@yahoo.co.uk', 42, NULL),
(202, 'Fe', 'Dwyh', 'fedwyh@yahoo.com', 100, NULL),
(203, 'Brian', 'Edson', 'brianedson@hotmail.com', 7, NULL),
(204, 'Laura', 'Egging', 'lauraegging@gmail.com', 27, NULL),
(1387, 'Cecilia', 'Benavides', 'ceciliabenavides@aol.com', 26, NULL),
(206, 'Inga', 'Ellertsdottir', 'ingaell@yahoo.com', 18, NULL),
(207, 'Sharon', 'Elman', 'sharonelman@hotmail.com', 21, NULL),
(208, 'Thomas', 'English', 'monad91@yahoo.com', 7, NULL),
(209, 'Mikael', 'Eriksson', 'mikael@natha.dk', 12, NULL),
(210, 'Marieke', 'Ern', 'mareike.ern@web.de', 15, NULL),
(211, 'Licly', 'Ettena', 'liclyettena@hotmail.com', 27, NULL),
(212, 'Coman', 'Eugen', 'paltinis@yahoo.fr', 14, NULL),
(213, 'Eran', 'Evneri', 'pravaslifestyle@yahoo.com', 21, NULL),
(214, 'Guido', 'Falke', 'eklaf@web.de', 15, NULL),
(215, 'Deenah', 'Farrell', 'deefame@hotmail.com', 100, NULL),
(216, 'Annie', 'Farthing', 'anniefarthing@hotmail.com', 2, NULL),
(217, 'David', 'Faulkner', 'bidiju@yahoo.com', 2, NULL),
(218, 'Beth', 'Fawcett', 'sisterb@hotmail.com', 7, NULL),
(219, 'Christine', 'Fehr', 'chrislicht@web.de', 15, NULL),
(220, 'Andrea', 'Fellner', 'fellnerandrea@gmx.net', 39, NULL),
(221, 'Pablo', 'Fernandez', 'elpablofernandez@yahoo.com', 1, NULL),
(222, 'Alice', 'Fernbach', 'alicioferkin@hotmail.com', 42, NULL),
(223, 'Dominic', 'Finan', 'dominicfinan@ireland.com', 20, NULL),
(224, 'Peter', 'Finch', 'peter.a.finch@googlemail.com', 42, '1974-01-12 00:00:00'),
(225, 'Stuart', 'Findlater', 'stu@spjf.freeserve.co.uk', 42, NULL),
(226, 'Alex', 'Finn', 'Lex_finn@yahoo.com', 42, NULL),
(227, 'Audrey', 'Fiorini', 'ma_tantale@hotmail.com', 14, NULL),
(228, 'Eytan', 'Fireberg', 'meshige@hotmail.com', 20, NULL),
(229, 'Marion', 'Fischer', 'marionshakti@gmx.de', 15, NULL),
(230, 'Jim', 'Fitzpatrick', 'Jimfitz67@yahoo.com', 42, NULL),
(231, 'Alisa', 'Fleishma', 'alisa35@hotmail.com', 43, NULL),
(232, 'Inka', 'Fleur', 'inka@sonnenkinder.org', 100, NULL),
(233, 'Matthew', 'Flower', 'mflowernyc@yahoo.com', 43, NULL),
(234, 'Shay', 'Frenkel', 'shay.frenkel@gmail.com', 42, NULL),
(235, 'Casey', 'Frieder', 'birdfrieder@hotmail.com', 43, NULL),
(236, 'Irid', 'Frielinghaus', 'iridfrielinghaus@gmx.de', 15, NULL),
(1268, 'Paula', 'Took', 'paulatook@hotmail.com', 42, NULL),
(238, 'Adam', 'Fritsch', 'adam.free@usa.net', 15, NULL),
(239, 'Cathrin', 'Fritz', 'catcosmic@hotmail.com', 15, NULL),
(240, 'Daniel', 'Fryn', 'difugi@mailcity.com', 12, NULL),
(241, 'Catherine', 'Fuller', 'catflower6@hotmail.com', 100, NULL),
(242, 'Yael', 'Gafni', 'yaelga@hotmail.com', 21, NULL),
(243, 'Ben', 'Galant', 'galantbenzvi@hotmail.com', 21, NULL),
(244, 'John', 'Garbarzyk', 'johngarbar@aol.com', 43, NULL),
(245, 'Susan', 'Garrett', 'missrunahead@yahoo.com', 43, NULL),
(246, 'Sophie', 'Gaskill', 'gaskill_sophie@hotmail.com', 100, NULL),
(247, 'Stefania', 'Gatti', 'stefaniagatti@hotmail.com', 42, NULL),
(248, 'Eimek', 'Gavigan', 'egavigan@hotmail.com', 20, NULL),
(249, 'Katrin', 'Geyer', 'katrin.geyer@gmx.de', 15, NULL),
(250, 'Lesley', 'Gifford', 'les_gif@hotmail.com', 7, NULL),
(251, 'Deana', 'Gil', 'deanakarp@bellsouth.net', 43, NULL),
(252, 'Yerushalmi', 'Gila', 'yyltd@netvision.net.co.il', 21, NULL),
(253, 'Maria', 'Girado', 'giradom@hotmail.com', 1, NULL),
(254, 'Georgia', 'Glen', 'earlobee@hotmail.com', 2, NULL),
(255, 'Robert', 'Godbout', 'rgodbout001@yahoo.com', 100, NULL),
(256, 'Lucy', 'Godfrey', 'lucy@mediamart.co.uk', 42, NULL),
(257, 'Irene', 'Goes', 'irene.goes@zonnet.nl', 27, NULL),
(258, 'Kirsten', 'Gogan', 'kirstygogan@yahoo.com', 42, NULL),
(259, 'Dror', 'Goldbaum', 'dror_gold@hotmail.com', 21, NULL),
(260, 'Assi', 'Goldberg', 'assigold@hotmail.com', 21, NULL),
(261, 'Yogi', 'Goldfeder', 'goldfdr2@netvision.net.il', 21, NULL),
(262, 'Jami', 'Goldman', 'monkeyj42@yahoo.com', 43, NULL),
(263, 'Harry', 'Goldstein', 'harrygol@bezeqint.net', 21, NULL),
(264, 'Mike', 'Gorski', 'goskimike@hotmail.com', 43, NULL),
(265, 'Ania', 'Gospodarek', 'a_gospodarek@gmx.de', 15, NULL),
(266, 'Ingrid', 'Goudsmit', 'ingridgoudsmit@hotmail.com', 3, NULL),
(267, 'Lior', 'Gozlah', 'lior557@yahoo.com', 21, NULL),
(268, 'Paul', 'Grady', 'pablogrady@hotmail.com', 100, NULL),
(269, 'Lina', 'Granborg', 'linagranborg@hotmail.com', 38, NULL),
(270, 'Shiri', 'Granot', 's_gehera@hotmail.com', 21, NULL),
(271, 'Sylvia', 'Grav', 'sylviagrav@hotmail.com', 29, NULL),
(272, 'Stacey', 'Gray', 'lotus_creation@hotmail.com', 100, NULL),
(273, 'Annette', 'Greenberg', 'annette.greenberg@teva.co.il', 21, NULL),
(274, 'Michael', 'Greene', 'mike_em99@hotmail.com', 7, NULL),
(275, 'Julia', 'Greenhough', 'juliagreenhough@yahoo.co.uk', 42, NULL),
(276, 'Joshua', 'Gregg', 'djg@hotmail.com', 43, NULL),
(277, 'Sha', 'Gregg', 'dman55555@hotmail.com', 43, NULL),
(1556, 'Timmie', 'Rosenkrantz Rosholm', 'timmerr@gmail.com', 12, '1976-10-13 00:00:00'),
(279, 'Alessia', 'Grillenzoni', 'alesphinx@hotmail.com', 22, NULL),
(280, 'Muli', 'Grober', 'mama@netvision.net.il', 21, NULL),
(281, 'Anurag', 'Gupta', 'funky_Anuoiag@reffmail.com', 19, NULL),
(1044, 'Lucette', 'd''Angelique', 'lucette65@hotmail.com', 2, NULL),
(283, 'Gerda', 'Haage', 'gerdahaage@yahoo.de', 3, NULL),
(284, 'Sarah', 'Haas', 'cocotea101@yahoo.com', 100, NULL),
(285, 'Enis', 'Hacioglu', 'enis.h@gmx.net', 38, NULL),
(286, 'Elad', 'Hadad', 'eladhadad@yahoo.com', 21, NULL),
(287, 'Shirley-Anne', 'Hadley', 'shirleyanne54@hotmail.com', 42, NULL),
(288, 'Ayelet', 'Halfon', 'ayeletha@hotmail.com', 21, NULL),
(289, 'Phil', 'Hall', 'leafmould@hotmail.com', 20, NULL),
(290, 'Emily', 'Hall', 'loveemyhats@hotmail.com', 42, NULL),
(291, 'Teresa', 'Hallstrom', 'teresa.hallstrom@spray.se', 38, NULL),
(292, 'Matthew', 'Halsey', 'matthalsey@hotmail.com', 100, NULL),
(293, 'Rebecca', 'Hamilton', 'bechamilton@hotmail.com', 2, NULL),
(294, 'Gabriella', 'Hanegbi', 'naama_hanegbi@yahoo.com', 21, NULL),
(295, 'Harmony', 'Hannigan', 'harmony_hannigan@hotmail.com', 37, NULL),
(296, 'Nina', 'Hanson', 'nina_ananda@yahoo.com', 29, NULL),
(297, 'Malin', 'Hansson', 'skamdensomgersig@hotmail.com', 38, NULL),
(298, 'Paul', 'Hardin', 'hardinlaw@hotmail.com', 2, NULL),
(299, 'Fleur', 'Hardman', 'fleur_hardman@hotmail.com', 42, NULL),
(300, 'Tracy', 'Hardwick', 'hatha1@hotmail.com', 100, NULL),
(301, 'Kanchan', 'Harjani', 'kanchanharjani@yahoo.com', 100, NULL),
(302, 'Michael', 'Harkness', 'mikeinindia@yahoo.com', 42, NULL),
(303, 'Nirit', 'Harlov', 'kabi_nirit@hotmail.com', 21, NULL),
(304, 'James', 'Harris', 'jhbanana@hotmail.com', 2, NULL),
(305, 'Iris', 'Hauptmann', 'iris13art@hotmail.com', 15, NULL),
(306, 'Ilich', 'Heartsill', 'ilich@rocketmail.com', 43, NULL),
(1063, 'michael', 'o''brien', 'hamaah16@hotmail.com', 43, NULL),
(308, 'Christine', 'Denkewalter', 'denk@endsound.com', 43, NULL),
(309, 'Adrian', 'Hekel', 'adrianhekel@hotmail.com', 2, NULL),
(310, 'Thomas', 'Hellmig', 't_hellmig@yahoo.de', 15, NULL),
(311, 'Irja', 'Hellstrom', 'irjahellstrom@hotmail.com', 38, NULL),
(312, 'Bernard', 'Hennin', 'bhennin@hotmail.com', 42, NULL),
(313, 'Arne', 'Henning', 'Arne.henning@mail.uni-oldenburg.de', 15, NULL),
(314, 'Vivi', 'Henriksen', 'vivihenriksen@hotmail.com', 12, NULL),
(315, 'Rani', 'Herman', 'rainbowrani@yahoo.com', 100, NULL),
(316, 'Kardula', 'Hermann', 'kardu.herr@gmx.de', 15, NULL),
(317, 'Kordula', 'Herrmann', 'kordu.herr@gmx.de', 15, NULL),
(318, 'Andreas', 'Hieronymi', 'hieronymi@gmx.net', 39, NULL),
(1, 'Yassis', 'Abadi', 'aviram@arv.co.il', 21, NULL),
(2, 'Jennie', 'Aberg', 'dragonhearts@spray.se', 12, NULL),
(3, 'Allie', 'Ackland-Prpic', 'allieprpic@hotmail.com', 100, NULL),
(1710, 'jake', 'mingenbach', 'jakeming@gmail.com', 43, NULL),
(5, 'Mima', 'Adass', 'mimaades@hotmail.com', 21, NULL),
(6, 'Michael', 'Adere', 'michaela@cisco.com', 21, NULL),
(7, 'Condor', 'Adriana', 'ada_c31@yahoo.com', 33, NULL),
(8, 'Andreas', 'Ager', 'agerandreas@hotmail.com', 15, NULL),
(9, 'Shiva', 'Akini', 'bhairava@sancharnet.in', 19, NULL),
(10, 'Dilkie', 'Akmeemana', 'dilkiea@hotmail.com', 2, NULL),
(11, 'Ron', 'Algazy', 'ron.elgazy@zoran.com', 21, NULL),
(12, 'David', 'Allaroice', 'davidaone@yahoo.co.uk', 36, NULL),
(13, 'Susan', 'Allen', 'sea_nz@yahoo.com', 28, NULL),
(14, 'Emma-Lea', 'Almeen', 'lealivalmeen@hotmail.com', 38, NULL),
(15, 'Valentina', 'Aloni', 'valentina_aloni@hotmail.com', 21, NULL),
(16, 'Kyoko', 'Amano', 'amachan@mxr.mesh.ne.jp', 23, NULL),
(17, 'Guy', 'Amit', 'guyam1@speedy.co.il', 21, NULL),
(18, 'Trent', 'Amour', 'lobapo@googlemail.com', 42, NULL),
(19, 'Maria', 'Andersen', 'mariamagdalena@iname.com', 12, NULL),
(20, 'Janty', 'Andrew', 'jantytrudy@hotmail.com', 28, NULL),
(21, 'Itay', 'Aniv', 'itayaniv@hotmail.com', 21, NULL),
(22, 'Idit', 'Antebi', 'iditanteby@hotmail.com', 21, NULL),
(23, 'Ingrid', 'Arabela', 'arabellai@hotmail.com', 12, NULL),
(24, 'Talia', 'Arazi', 'taliarazi@hotmail.com', 21, NULL),
(25, 'Sharon', 'Arbel', 'sharon_arbel@hotmail.com', 21, NULL),
(26, 'Ori', 'Arbell', 'ori1canobi@yahoo.com', 21, NULL),
(27, 'Uri', 'Aronoff', 'aronoffu@yahoo.com', 21, NULL),
(28, 'Katharina', 'Arpagaus', 'katharina.arpagaus@gmx.ch', 39, '1973-06-28 00:00:00'),
(29, 'Morgan', 'Arundel', 'morgscan@hotmail.com', 2, NULL),
(30, 'Sabina', 'Asnani', 'asnanisab@yahoo.com.au', 39, NULL),
(31, 'Racquel', 'Ayers', 'racquelayers@yahoo.co.uk', 42, '1967-11-09 00:00:00'),
(32, 'Shimon', 'Azrad', 'Barzook@hotmail.com', 21, NULL),
(33, 'Hanon', 'Azron', 'hanonazron@hotmail.com', 21, NULL),
(34, 'Amir', 'Azulay', 'zulim1@hotmail.com', 21, NULL),
(35, 'Yumiko', 'Azuma', 'ayuzumi@hotmail.com', 23, NULL),
(36, 'Limor', 'Bachar', 'limorbachar@hotmail.com', 21, NULL),
(1052, 'Mark', 'Roberts', 'llandegai@hotmail.com', 15, NULL),
(38, 'Pazit', 'Bahar', 'pazitbahar@yahoo.com', 21, NULL),
(39, 'Amon', 'Balaszesual', 'koolmonk@web.de', 15, NULL),
(40, 'Julien', 'Balmer', 'joolz@gmx.ch', 39, NULL),
(41, 'Jerome', 'Balmet', 'jeje.bal@caramail.com', 14, NULL),
(42, 'Dirk', 'Bamelis', 'dirkbamelis@yahoo.com', 4, NULL),
(43, 'Ananya', 'Banerjee', 'dakini93@hotmail.com', 7, NULL),
(44, 'Eyal', 'Barak', 'barakeyal@hotmail.com', 21, NULL),
(45, 'Haim', 'Barbalat', 'hbarbalat@hotmail.com', 21, NULL),
(46, 'Lucie', 'Barber', 'luciebarber@hotmail.com', 42, NULL),
(47, 'Anouk', 'Barbier', 'anoukbarbier@voila.fr', 14, '1971-12-15 00:00:00'),
(48, 'Michael', 'Barlow', 'michaelbarlow@hotmail.com', 43, NULL),
(49, 'Novena', 'Baroni', '9baroni@tin.it', 22, NULL),
(50, 'Sioux', 'Barry', 'siouxbarry@hotmail.com', 42, NULL),
(51, 'Gwenndalyne', 'Bauer', 'gwenndalyne@gmail.com', 3, NULL),
(52, 'Claudia', 'Bauer', 'aracuja@hotmail.de', 15, NULL),
(1030, 'adi', 'maroko', 'adi_maroko@hotmail.com', 21, NULL),
(54, 'Sharon', 'Beacham', 'sharonbeacham@hotmail.com', 42, NULL),
(55, 'Lysanne', 'Beaucage', 'lysanne007@hotmail.com', 7, NULL),
(56, 'Dominic', 'Beaulieu', 'projetconscience@hotmail.com', 7, NULL),
(57, 'Michelle', 'Beckwith', 'michsbeck@hotmail.com', 2, NULL),
(58, 'Renilde', 'Becque', 'rbecque@yahoo.com', 27, NULL),
(59, 'Shane', 'Bediz', 'bediz19@hotmail.com', 43, NULL),
(60, 'Silke', 'Beissel', 'silke.beissel@gmx.de', 15, NULL),
(61, 'Alona', 'Ben-Arie', 'balona22@yahoo.com', 21, NULL),
(62, 'Marco', 'Bendoni', 'marcobendoni48@hotmail.com', 22, NULL),
(63, 'Lionello', 'Benini', 'lionellobenini@yahoo.com', 22, NULL),
(64, 'James', 'Benzing', 'jjhbenz@hotmail.com', 42, NULL),
(65, 'Dana', 'Berenson', 'dberenson@hotmail.com', 21, NULL),
(66, 'Annette', 'Berger', 'annette_berger@hotmail.com', 2, NULL),
(67, 'Ans', 'Berkelaar', 'ansberkelaar@hotmail.com', 27, NULL),
(68, 'Davide', 'Bertarello', 'devidattaji@yahoo.it', 22, NULL),
(69, 'Francesca', 'Bevilacqua', 'miedosh3@yahoo.it', 22, NULL),
(70, 'Bosu', 'Bidstrup', 'bowbidstrup@yahoo.com', 12, NULL),
(71, 'Isabelle', 'Biennassis', 'biennassis@yahoo.com', 14, NULL),
(72, 'Joseph', 'Bindloss', 'jbindloss@bindloss.fsbusiness.co.uk', 42, NULL),
(73, 'Arthur', 'Birago', 'birago23@hotmail.com', 3, NULL),
(74, 'Trevor', 'Blackann', 'trevor@justacoupleofdays.com', 43, NULL),
(75, 'Dana', 'Blackwell', 'danaleeblackewell@yahoo.com', 43, NULL),
(76, 'Fernando', 'Blanco', 'carnam99@hotmail.com', 26, NULL),
(77, 'Reinhild', 'Bleeken', 'reinhild_bleeken@hotmail.com', 15, NULL),
(78, 'Anna', 'Bligh', 'annabligh@yahoo.com', 2, '1981-11-11 00:00:00'),
(79, 'Zoe', 'Bligh', 'zoebligh@hotmail.com', 2, NULL),
(80, 'Amit', 'Bloom', 'amitbloom@hotmail.com', 100, NULL),
(319, 'Danny', 'Hoehne', 'swallow_tail@web.de', 15, NULL),
(320, 'Walter', 'Hollenweger', 'Valter0709@hotmail.com', 14, NULL),
(321, 'John', 'Hollingsworth', 'visarion67@yahoo.com', 42, NULL),
(322, 'Arnar', 'Holm', 'arnar@natha.dk', 12, NULL),
(323, 'Don', 'Hornback', 'hornbackdon@aol.com', 100, NULL),
(324, 'Tony', 'Horrigan', 'tonyhorrigan@start.com.au', 2, NULL),
(325, 'Andrew', 'Hoskins', 'andrew_hoskins@hotmail.com', 42, NULL),
(326, 'Norunn', 'Hov', 'norunnhov@hotmail.com', 29, NULL),
(327, 'Kerry', 'Howarth', 'kerrysworld@msn.com', 42, NULL),
(328, 'Mariannne', 'Huibers', 'm_huibers@hotmail.com', 27, NULL),
(329, 'Johnathan', 'Human', 'projectempathy@yahoo.com', 43, NULL),
(330, 'Meike and Angelika', 'Hunefeld', 'she-she@traditionelles-yoga.de', 15, NULL),
(331, 'Ryan', 'Hunt', 'sweetmouthed@altavista.com', 43, NULL),
(332, 'Steve', 'Hutcheson', 'stevehutcheson@yahoo.com', 100, NULL),
(333, 'Andrew', 'Hutchinson', 'AndyW_Noltm2002@yahoo.co.uk', 42, NULL),
(334, 'Shauna', 'Hylenski', 'shylenski@yahoo.com', 43, NULL),
(335, 'Viorel', 'Iachim', 'vioreliachim@hotmail.com', 33, NULL),
(1265, 'Morgan', 'Sand', 'morgansand@hotmail.com', 29, NULL),
(337, 'Gaby', 'Ilie', '95414@udd.gentoftesem.dk', 12, NULL),
(338, 'Peter', 'Ilsoe', 'artefact@artefact.dk', 12, NULL),
(339, 'Stefan', 'Ilsoe', 'tripurasundari@hotmail.com', 12, NULL),
(340, 'Hiroyuki', 'Imai', 'hiroyuky@mail6.alpha-net.ne.jp', 23, NULL),
(341, 'Claire', 'Inde', 'claire.inde@free.fr', 14, NULL),
(342, 'Netta', 'Ishai', 'netaishai@yahoo.com', 21, NULL),
(343, 'Anette', 'Jacobsen', 'orlovhurra@mail-online.dk', 12, NULL),
(344, 'Sumonta', 'Jaiyiam', 'sumonta_lyn@hotmail.com', 40, NULL),
(345, 'Nadia', 'Jankowski', 'nadiaj@telecom.na', 100, NULL),
(1056, 'fione', 'lee', 'fione0609@yahoo.com.hk', 8, NULL),
(347, 'Daniele', 'Jany', 'danielejany@hotmail.com', 14, NULL),
(348, 'Karin', 'Jehle', 'karinjehle@yahoo.de', 15, NULL),
(349, 'Leif', 'Jensen', 'leif_chr@forum.dk', 12, NULL),
(350, 'Scott', 'Jernigan', 'unicoi99@hotmail.com', 100, NULL),
(351, 'Jesper', 'Joergensen', 'jesper567@yahoo.com', 12, NULL),
(352, 'Scott', 'Jones', 'scottjasonjones@yahoo.com', 43, NULL),
(353, 'Michel', 'Jorge', 'michel_jorge@yahoo.com', 5, NULL),
(354, 'Fritz', 'Joss', 'fjoss_7@yahoo.de', 39, '1974-11-29 00:00:00'),
(1040, 'P W', 'T', 'peakwan@gmail.com', 25, NULL),
(1061, 'xrysa', 'tsintari', 'ctsintari@hotmail.com', 16, NULL),
(357, 'Michael', 'Julien', 'migazelle@yahoo.fr', 4, NULL),
(358, 'Steffen', 'Jurgen', '56wanderer@gmx.net', 15, NULL),
(359, 'Suresh', 'K', 'sureshk@zahid.com', 100, NULL),
(360, 'Yossef', 'Kadishar', 'yossicusco@yahoo.com', 21, NULL),
(361, 'Rami', 'Kalfon', 'ramikalfon@bezeqint.net', 21, NULL),
(362, 'Andrea', 'Kalmar', 'ocean@prinposta.com', 17, NULL),
(1036, 'Olga', 'Mikhaliova', 'moskaliova@earthlink.net', 43, NULL),
(364, 'Andrea and Daniela', 'Kammer', 'andreadanieladee@gmx.net', 15, NULL),
(365, 'Ofra', 'Kanari', 'kanari@plastro.com', 21, NULL),
(366, 'Amir', 'Kaplan', 'amirkaplan@yahoo.com', 21, NULL),
(367, 'Maria', 'Karlsson', 'aloemaria@yahoo.com', 100, NULL),
(368, 'Paavo', 'Karvinen', 'saunalink@saunalink.com', 13, NULL),
(369, 'Iris', 'Kaufman', 'iris_k75@hotmail.com', 21, NULL),
(370, 'Miwky', 'Kawamoto', 'miwky@hotmail.com', 23, NULL),
(371, 'Kees', 'Kaya', 'bagusprod@hotmail.com', 27, NULL),
(372, 'Boaz', 'Kaye', 'sir_boaz@hotmail.com', 21, NULL),
(373, 'Kate', 'Keady', 'katekeady@hotmail.com', 43, NULL),
(374, 'Ang', 'Kean', 'anghuah@hotmail.com', 25, NULL),
(1050, 'Gabriela', 'Gadea', 'kulasundarigg@yahoo.com', 20, NULL),
(376, 'Trudy', 'Kendall', 'jontytrudy@hotmail.com', 28, NULL),
(377, 'Ainslie', 'Kenny', 'ainzbabe@hotmail.com', 2, NULL),
(378, 'Gabrielle', 'Kenny', 'gabby_babee@hotmail.com', 2, NULL),
(379, 'Kata', 'Kerenyi', 'kerenyikata75@hotmail.com', 17, NULL),
(380, 'Liron', 'Kest', 'lirave@hotmail.com', 21, NULL),
(381, 'Raghu', 'Khode', 'raghu_khode@yahoo.com', 100, NULL),
(382, 'Gwendy', 'Kilfoyle', 'sattvictraveller@yahoo.com', 43, NULL),
(383, 'Amanda', 'Kimmel', 'whatnotwhathaveu@hotmail.com', 7, NULL),
(384, 'Marion', 'King', 'marionking23@hotmail.com', 20, NULL),
(385, 'Shinobu', 'Kiriake', 'etokiri@ybb.ne.jp', 23, NULL),
(1715, 'Debbie', 'Reeds', 'BK@soulsanook.com', 40, NULL),
(387, 'Anne', 'Kivimaa', 'akivimaa@hotmail.com', 38, NULL),
(388, 'Koch', 'Klaus', 'klaus.koch@icn.siemens.de', 15, NULL),
(389, 'Rachel', 'Klein', 'rachelklein1@hotmail.com', 21, NULL),
(390, 'Allyson', 'Klein', 'allysonsta@onebox.com', 43, NULL),
(391, 'Katherina', 'Kleinrath', 'billie_kortinger@yahoo.com', 3, NULL),
(392, 'Natasha', 'Kleinrath', 'anatashca@hotmail.com', 3, NULL),
(393, 'Elise', 'Kleisen', 'elisekleisen@hotmail.com', 27, NULL),
(394, 'Heike', 'Klemme', 'hklemme@hotmail.com', 15, NULL),
(395, 'Zohar', 'Klug', 'zohar.klug@intel.com', 100, NULL),
(396, 'Katrin', 'Knauth', 'katrin_knauth@yahoo.de', 15, NULL),
(397, 'Julia', 'Koch', 'juls778@hotmail.com', 39, NULL),
(398, 'Klaus', 'Koch', 'yoga.muenchen@gmx.de', 39, NULL),
(399, 'Niels Christian and Zanna', 'Koelbek', 'nckk@mail.dk', 12, NULL),
(400, 'Sandra', 'Kohnen', 'sandrakohnen@hotmail.com', 15, NULL),
(401, 'Swami Vimal', 'Kohra', 'kohras@gmail.com', 21, NULL),
(402, 'Pastal', 'Kolevsohn', 'paz@webmail.co.za', 36, NULL),
(403, 'Alexandra', 'Kondratieva', 'carambula@yandex.ru', 34, NULL),
(404, 'Birte', 'Kondrup', 'bkondrup@hotmail.com', 12, NULL),
(405, 'Elisabeth', 'Koopmans', 'casashakti@yahoo.com', 26, NULL),
(406, 'Irit', 'Korat-Rabin', 'iritr@013.net.il', 21, NULL),
(407, 'Jan', 'Koster', 'bolenath@web.de', 15, NULL),
(408, 'Nigol', 'Koulajian', 'nigolk@aol.com', 43, NULL),
(409, 'Ziv', 'Kovacs', 'kovacs76@gmail.com', 21, NULL),
(410, 'Alina', 'Krefel', 'tantragodess@hotmail.com', 2, NULL),
(411, 'Ayelet', 'Krisher', 'ayeletkrisher@hotmail.com', 21, NULL),
(412, 'Angelus', 'Kroner', 'outofkarma@yahoo.com', 15, NULL),
(413, 'Otto', 'Kroner', 'bulletbaba@hotmail.com', 15, NULL),
(1033, 'claudia', 'fernandez', 'clau_fernandez@hotmail.com', 1, NULL),
(415, 'Arun', 'Kumar', 'arunshonu@hotmail.com', 19, NULL),
(416, 'Elizabeth', 'Kurata', 'liz6604@yahoo.com', 100, NULL),
(417, 'Knut Steffan', 'Kvala', 'travel@kvalas.no', 29, NULL),
(1716, 'Robert', 'Polsky', 'robertp779@yahoo.com', 40, NULL),
(419, 'Benny', 'Lahat', 'benny_fire@yahoo.com', 21, NULL),
(420, 'Carmel', 'Lalo', 'plumppear@hotmail.com', 21, NULL),
(421, 'Henrik', 'Lauland', 'hlau3@yahoo.com', 100, NULL),
(422, 'Florin', 'Lazar', 'florinl@rasd.ro', 33, NULL),
(423, 'Kathleen', 'Leake', 'Kathleenleake@hotmail.com', 43, NULL),
(424, 'Roni', 'Lederer', 'roni_lederer@hotmail.com', 21, NULL),
(425, 'Melanie', 'Leeder', 'rollergirl09@hotmail.com', 7, NULL),
(1038, 'leroy', 'scott', 'sarah@un-limited.org', 44, NULL),
(427, 'Marisa', 'Lehrmann', 'marisalehrmann@hotmail.com', 15, NULL),
(428, 'Olivier', 'Lelouch', 'olivier@taorcons.com', 14, NULL),
(429, 'Heather', 'Lemert', 'mariposas@hotmail.com', 43, NULL),
(430, 'Neta', 'Ler-Ari', 'Neta_ler_ari@yahoo.com', 21, NULL),
(431, 'Chloe', 'Lessiau', 'cinamonangel@hotmail.com', 14, NULL),
(432, 'Victoria', 'Lester', 'vlester2002@yahoo.co.uk', 42, NULL),
(1266, 'Fleur', 'ten Bos', 'ramravi@yogadelight.nl', 27, NULL),
(434, 'Ulrike', 'Letule', 'ulrike_letule@sj.com', 15, NULL),
(435, 'Anat', 'Levi', 'aslevi@netvision.net.il', 21, NULL),
(436, 'Galit', 'Levi', 'levi_galit@yahoo.com', 21, NULL),
(437, 'Irit', 'Levi', 'iritlevi@hotmail.com', 21, NULL),
(438, 'Osher', 'Levi', 'happydidj@hotmail.com', 21, NULL),
(439, 'Oran', 'Levy', 'ornplus@hotmail.com', 21, NULL),
(440, 'Roie', 'Levy', 'Roie_L@hotmail.com', 21, NULL),
(441, 'Uzi', 'Levy', 'uzilevy@netvision.net.il', 21, NULL),
(442, 'Helen', 'Lewis', 'helenlewishere@yahoo.com.au', 2, NULL),
(443, 'Silke', 'Lexx', 'lexx66@gmx.de', 15, NULL),
(444, 'Andrea', 'Lheureux', 'amlh2003@yahoo.com', 100, NULL),
(445, 'Arjan', 'Lighthawk', 'prayerhawk@yahoo.com', 43, NULL),
(446, 'Tomas', 'Lilja', 'vidstige2000@hotmail.com', 38, NULL),
(447, 'Kersti', 'Lindquist', 'abhasa_@hotmail.com', 38, NULL),
(448, 'Henrick', 'Lindstrom', 'henrick_lindstrom@hotmail.com', 38, NULL),
(449, 'Alexandru', 'Lionu', 'al@dupi.dk', 12, NULL),
(450, 'Nira', 'Lipka', 'niralipka@hotmail.com', 21, NULL),
(451, 'Christian', 'Lipp', 'christianlipp@hotmail.com', 38, NULL),
(452, 'Gregor', 'Lo Presti', 'greglopi@gmail.com', 2, NULL),
(453, 'Benjamin', 'Logassi', 'benjilog@hotmail.com', 14, NULL),
(454, 'Peng', 'Loh', 'pl3333@hotmail.com', 25, NULL),
(455, 'Sharon', 'Lolachi', 'Sharonite@hotmail.com', 21, NULL),
(456, 'Cliff', 'Lonner', 'clifftravel@hotmail.com', 43, NULL),
(457, 'Devrim', 'Lotus', 'lotusbornchenresig@yahoo.de', 15, NULL),
(458, 'Holly', 'Lovegrove', 'hollylovegrove@hotmail.com', 100, NULL),
(459, 'David', 'Lutt', 'davlu13@hotmail.com', 14, NULL),
(460, 'Katrin', 'Lux', 'kat.lux@gmx.de', 15, NULL),
(461, 'Parris', 'Lynn', 'parrislynn@gmail.com', 43, '1983-10-19 00:00:00'),
(462, 'Robin', 'Mackay', 'rmmclay@yahoo.com', 43, NULL),
(463, 'Darin and Wendy', 'Madore', 'shanti@reach.net', 7, NULL),
(464, 'Kalotina', 'Magierski', 'tini-hh@gmx.net', 100, NULL),
(465, 'Swami', 'Mahalayananda', 'natha@kolumbus.fi', 13, NULL),
(1386, 'virat', 'aungtaveekiat', 'virata29@hotmail.com', 27, NULL),
(467, 'Mira', 'Maimon', 'miramaimon@hotmail.com', 21, NULL),
(468, 'Moses', 'Maimon', 'utpaladeva@gmail.com', 21, NULL),
(469, 'Udi', 'Maimon', 'unbreakableudi@yahoo.com', 21, NULL),
(470, 'Julia', 'Majr', 'maju88@hotmail.com', 3, NULL),
(471, 'Nitin', 'Malde', 'nitin_malde@hotmail.com', 42, NULL),
(472, 'Theo', 'Mann', 'manntheo@yahoo.com', 43, NULL),
(473, 'Niolette', 'Margalef', 'nikiz2000@hotmail.com', 43, NULL),
(474, 'Bella', 'Maria-Del-Sol', 'miso@sympatico.ca', 7, NULL),
(475, 'Rosa', 'Maricich', 'rosamarie@ekit.com', 43, NULL),
(476, 'Marieke', 'Bult', 'marieke@mbadvies.org', 42, NULL),
(477, 'Caramalac', 'Marius', 'www.lorensz777@yahoo.com', 33, NULL),
(478, 'Sophia', 'Marketou', 'sophiamarketou@mail.com', 16, NULL),
(479, 'Eleanor', 'Marney', 'sangga55@hotmail.com', 2, NULL),
(480, 'Marcus', 'Marsh', 'mmqpr@hotmail.com', 37, NULL),
(481, 'C', 'Martinier', 'cmartinier@yahoo.fr', 39, NULL),
(482, 'Marcel', 'Martins', 'marcelinindia@hotmail.com', 27, NULL),
(483, 'Tomer', 'Marx', 'tomer_marx@hotmail.com', 21, NULL),
(484, 'Ronit', 'Mashiah', 'ronit2001@hotmail.com', 21, NULL),
(485, 'Andres', 'Matos', 'vagando@hotmail.com', 45, NULL),
(486, 'Emily', 'Matthews', 'emms_24@hotmail.com', 42, NULL),
(487, 'Jonah', 'Maurice', 'jonahwanderfool@yahoo.co.uk', 42, NULL),
(488, 'John', 'Mavety', 'john.mavety@uts.edu.au', 2, NULL),
(489, 'Andreas', 'Maxigall', 'maxigall5@yahoo.com', 3, NULL),
(490, 'Itay', 'Mayrose', 'itay_mayrose@hotmail.com', 21, NULL),
(491, 'Tatum', 'McAbee', 'mcabee1980@yahoo.com', 43, NULL),
(492, 'Christopher', 'McCann', 'cmccann10@hotmail.com', 44, NULL),
(1712, 'Eralp', 'Akyol', 'eralpakyol@hotpop.com', 41, NULL),
(494, 'Scott', 'McCrossin', 'jeksmac@optusnet.com.au', 2, NULL),
(1062, 'jamie', 'bytheway', 'jbythewayside@gmail.com', 43, NULL),
(496, 'Heather', 'Mcgeory', 'mcgeory@yahoo.com', 43, NULL),
(497, 'Stuart', 'Mckenzie', 'stuartamckenzie@hotmail.com', 100, NULL),
(1269, 'Colette', 'Le Fort', 'clefort@14degreesnorth.com', 7, NULL),
(1037, 'joanna', 'rund', 'joanna_rund@hotmail.com', 42, NULL),
(500, 'Laura', 'Megnagi', 'lmegnagi@hotmail.com', 21, NULL),
(1029, 'soon', 'kuek', 'soon137png@yahoo.com', 25, NULL),
(502, 'Stacie', 'Mehard', 'NorTantra@cox.net', 43, NULL),
(503, 'Stayce', 'Mehard', 'GreensAndNettles@cox.net', 43, NULL),
(504, 'Tamar', 'Meir', 'tamarmeir@yahoo.com', 21, NULL),
(505, 'Andrea', 'Meitinger', 'andrea_meitinger@hotmail.com', 15, NULL),
(506, 'Naama', 'Melamed', 'naamatomar@hotmail.com', 21, NULL),
(507, 'Eric', 'Melloul', 'ericmelloul@yahoo.com', 21, NULL),
(508, 'Kate', 'Melson', 'katlassie@yahoo.com', 42, NULL),
(509, 'Oma', 'Menache', 'omenache@noos.fr', 21, NULL),
(510, 'Donna', 'Mendis', 'dmendis99@yahoo.com', 42, NULL),
(511, 'Marion', 'Meynier', 'mariondubrusc@yahoo.fr', 14, NULL),
(1055, 'surya', 'ananada', 'shivakamala_73@yahoo.co.uk', 33, NULL),
(513, 'Vincent', 'Meys', 'vinz@hetnet.nl', 27, NULL),
(514, 'Silvia', 'Michielon', 'silviapops@yahoo.co.uk', 42, NULL),
(515, 'Alina', 'Miklos', 'gaiartri@hotmail.com', 12, NULL),
(516, 'Nancy', 'Miller', 'mimoprovoz@yahoo.ca', 7, NULL),
(517, 'Sharon', 'Miller', 'sharonml2@excite.com', 21, NULL),
(518, 'Lisa', 'Mimoun', 'lisamimoun@yahoo.com', 43, NULL),
(519, 'Saidie', 'Mir', 'saidiemir@hotmail.com', 2, NULL),
(520, 'Zaineb', 'Mir', 'zainebmir@yahoo.com', 2, NULL),
(521, 'Khushru', 'Mistry', 'inneralchemy@yahoo.com', 19, NULL),
(522, 'Javier', 'Molina', 'javimolina@hotmail.com', 1, NULL),
(523, 'Michal', 'Monka', 'mmonka@hotmail.com', 21, NULL),
(524, 'Jeny', 'Montgomery', 'tantulio@yahoo.com', 43, NULL),
(525, 'Jean-Paul', 'Montreuil', 'jeanpaul53@hotmail.com', 7, NULL),
(526, 'Janelle', 'Moodie', 'janellemoodie@yahoo.com', 7, NULL),
(527, 'Steve', 'Moore', 'clubridgmont1@hotmail.com', 12, NULL),
(528, 'Efrat', 'Mor', 'efratatious@hotmail.com', 21, NULL),
(529, 'Christophe', 'Moreau', 'chrismoreau2003@yahoo.fr', 14, NULL),
(530, 'Luisa', 'Moreno', 'luisashani@yahoo.com.au', 2, NULL),
(531, 'Hila', 'Moris', 'hilamoris@hotmail.com', 21, NULL),
(532, 'Emmanuel', 'Mougenot', 'manumou1@yahoo.fr', 4, NULL),
(533, 'Jessi', 'Muenz', 'jessimuenz@gmx.de', 15, NULL),
(534, 'Angelica', 'Muha', 'angelicmuha@yahoo.com', 36, NULL),
(535, 'Eoghan', 'Mullan', 'eoghanmullen@bigfoot.com', 20, NULL),
(536, 'Heidrun', 'Muller', 'heidrunn@gmx.net', 15, '1968-03-25 00:00:00'),
(537, 'Thomas', 'Mueller', 'thm.ejw@gmx.de', 15, NULL),
(538, 'Kate', 'Mulligan', 'katiepiemull@yahoo.com', 28, NULL),
(539, 'Kvn', 'Murthy', 'vnmurthyk@yahoo.com', 100, NULL),
(540, 'Tucker', 'Mustang', 'ee_cpo@yahoo.com', 43, NULL),
(541, 'Ian', 'Myers', 'myersi@stretch.co.uk', 42, NULL),
(542, 'Anat', 'Nachshony', 'anati10@yahoo.com', 21, NULL),
(543, 'Francisc', 'Nagy-Bjorrn', 'francisc@hotmail.com', 38, NULL),
(544, 'Tsuyoshi', 'Nakano', 'dekunobo@hotmail.com', 23, NULL),
(545, 'Adiana', 'Nani', 'adina_nani@yahoo.com', 33, NULL),
(546, 'Shai', 'Naor', 'shainaor@hotmail.com', 21, NULL),
(547, 'Shiva', 'Nataraja', 'shivaratri69@yahoo.com', 33, NULL),
(548, 'Betty', 'Nayaboury', 'bettynayaboury@wanadoo.fr', 3, NULL),
(549, 'Dave', 'Nelson', 'davecustard@hotmail.com', 28, NULL),
(550, 'Daya', 'Nelson', 'dayamy@hotmail.com', 43, NULL),
(551, 'Kristoffer', 'Nelson', 'heisbeautiful@hotmail.com', 100, NULL),
(552, 'Peder', 'Neumann', 'neumannindien@hotmail.com', 12, NULL),
(553, 'Valentin', 'Nichiforeac', 'vnikiforeac@hotmail.com', 12, NULL),
(554, 'Lynn-Ann', 'Nicholl', 'ini@thestar.co.za', 36, NULL),
(1057, 'Cindy', 'S', 'ajarncindy@hotmail.com', 40, NULL),
(556, 'Jivan', 'Nikhil', 'jivan_nikhil@hotmail.com', 12, NULL),
(557, 'Golan', 'Nili', 'nili_golan@hotmail.com', 21, NULL),
(558, 'Rune', 'Nilsson', 'rune.nilsson@adr.dk', 12, NULL),
(559, 'Camille', 'Niquin', 'camille3005@caramail.com', 14, NULL),
(1540, 'andrew', 'bugeja', 'andrew_bugeja@hotmail.com', 2, NULL),
(561, 'Bo', 'Norsker', 'bonorsker@yahoo.com', 12, NULL),
(562, 'Martina', 'Nowack', 'martinanowack@hotmail.com', 36, NULL),
(563, 'Susana', 'Nunez', 'xuxana13@hotmail.com', 37, NULL),
(564, 'Nitzan', 'Nurit', 'nitzang@netvision.net.il', 21, NULL),
(565, 'Christine', 'Nystrup', 'christinenystrup@backpacker.com', 12, NULL),
(566, 'Hila', 'Oded', 'lila_028@hotmail.com', 21, NULL),
(567, 'Roy', 'Ofer-Mayumana', 'roy@mayumana.co.il', 21, NULL),
(568, 'Galit', 'Offenberger', 'galito1@hotmail.com', 22, NULL),
(569, 'Yaron', 'Offer', 'ken123@netvision.net.il', 21, NULL),
(570, 'Anthony', 'o''Flynn', 'divinemadman7@yahoo.com.au', 2, NULL),
(1041, 'Kai', 'Krger', 'kai.krueger@gmx.ch', 39, NULL),
(572, 'Christer', 'Ogander', 'cogander@dot.se', 38, NULL),
(573, 'Veronique', 'Ognar', 'samvao3@hotmail.com', 14, NULL),
(574, 'Claudine', 'Olejnik', 'claudineolejinik@hotmail.com', 4, NULL),
(575, 'Mathew', 'Olsen', 'mathew_olsen@yahoo.com.au', 2, NULL),
(576, 'Harella', 'Olshansky', 'Harellon@hotmail.com', 21, NULL),
(577, 'Siobhan', 'O''Neill', 'nicelytoasted99@hotmail.com', 20, NULL),
(578, 'Yomara', 'Ortiz', 'yomarita@hotmail.com', 9, NULL),
(579, 'Samantha', 'Ostergaard', 'samantha_ost@hotmail.com', 43, NULL),
(580, 'Jacquie', 'O''Sullivan', 'j_osullivan@hotmail.com', 42, NULL),
(581, 'Anne', 'Owen', 'annieowen31@yahoo.com', 100, NULL),
(1015, 'Angelika', 'Doerne', 'gelidoerne@hotmail.com', 15, NULL),
(1711, 'Nicky', 'Clarke', 'nicky.c@dsl.pipex.com', 42, NULL),
(584, 'Gal', 'Padani', 'galpadani@hotmail.com', 21, NULL),
(585, 'Denisa', 'Paleckova', 'dionyska@volny.cz', 11, NULL),
(586, 'Fiona', 'Palmer', 'Fiona.Palmer@rspb.org.uk', 42, NULL),
(587, 'Radu', 'Panait', 'rpanait@rehau.ro', 33, NULL),
(588, 'Steve', 'Pannell', 'steve_pannell@hotmail.com', 2, NULL),
(589, 'Anatel', 'Pante', 'anatel.pante@gmz.net', 39, NULL),
(590, 'Ino', 'Pappa', 'inoooo@gmail.com', 16, NULL),
(591, 'Ania', 'Paradowska', 'areczka@yahoo.com', 31, NULL),
(592, 'Elise', 'Parsons', 'tanahata@yahoo.com', 42, NULL),
(593, 'Stefan', 'Pashov', 'gonetraveling@hotmail.com', 6, NULL),
(594, 'Daksha M', 'Patel', 'daks_1937@yahoo.co.uk', 42, NULL),
(595, 'Alisen', 'Paynter', 'alisenpaynter@shaw.ca', 7, NULL),
(596, 'Nicholas', 'Paz', 'goatfire_777@yahoo.co.in', 19, NULL),
(597, 'Arick', 'Peled', 'ponti33@yahoo.com', 21, NULL),
(598, 'michael', 'Pentiuc', 'mihaiela@k.ro', 33, NULL),
(599, 'Udi', 'Peretz', 'udiperetz@hotmail.com', 21, NULL),
(600, 'Michael', 'Perin-Wogenburg', 'poseidon@swp.org', 3, NULL),
(601, 'Sara', 'Persson', 'sarapersson78@hotmail.com', 38, NULL),
(602, 'Laura', 'Peterson', 'xenapeterson@hotmail.com', 43, NULL),
(603, 'Arnaud', 'Philibert', 'philibert.arnaud@laposte.net', 14, NULL),
(604, 'Will', 'Philips', 'willphilips1@yahoo.com', 43, NULL),
(605, 'Aarona', 'Pichinson', 'atza8@yahoo.com', 43, NULL),
(606, 'Teemu', 'Pietilainen', 'petilai@lut.fi', 13, NULL),
(607, 'Anna', 'Pihlgrin', 'cosmosanna@ofir.dk', 12, NULL),
(608, 'Rotem', 'Pilo', 'rotemtrip@hotmail.com', 21, NULL),
(609, 'Valerie', 'Plauche-Baruch', 'valerieleighpb@hotmail.com', 21, NULL),
(610, 'Philip', 'Pocock', 'philip.pocock@web.de', 15, NULL),
(611, 'simon', 'pohn-weidinger', 'simon.pohn-weidinger@gmx.at', 3, NULL),
(612, 'Ligia', 'Popescu', 'ligia.popescu@srtlaw.com.ro', 33, NULL),
(613, 'Stine', 'Porsfelt', 'belove49@yahoo.dk', 12, NULL),
(614, 'Sahajananda', 'Porslund', 'porslund@hotmail.com', 12, NULL),
(615, 'Helen', 'Porter', 'h_j_p_beauty@hotmail.com', 100, NULL),
(616, 'Bruno', 'Prager', 'bruno_prager@hotmail.com', 43, NULL),
(617, 'prem', 'pravahi', 'pravahi.prem@gmail.com', 14, NULL),
(618, 'Florin', 'Predescu', 'florincristian07@yahoo.com', 33, NULL),
(619, 'Stella', 'Preston', 'stellapreston30@hotmail.com', 100, NULL),
(620, 'Nina', 'Prodywus', 'ninap26@hotmail.com', 42, NULL),
(621, 'Daniel', 'Pryn', 'daniel_pryn@yahoo.dk', 12, NULL),
(622, 'Alan', 'Pullen', 'alan_pullen@hotmail.com', 2, NULL),
(623, 'Marisa', 'Purcell', 'mp@marisapurcell.com', 100, NULL),
(624, 'Grace', 'Purusha', 'gracepurusha@aol.com', 43, NULL),
(625, 'Simone', 'Queiroz', 'simone_queiroz@yahoo.com', 100, NULL),
(626, 'Amos', 'Rabin', 'arabin@013.net', 21, NULL),
(627, 'David', 'Raccah', 'dudino1@hotmail.com', 21, NULL),
(628, 'Eli', 'RadinjskyLax', 'eliko61@yahoo.com', 21, NULL),
(629, 'Shiv', 'Ram', 'Ram_shiv@hotmail.com', 19, NULL),
(630, 'Sharmila', 'Ramesar', 'sharmila69@hotmail.com', 43, NULL),
(631, 'Linda', 'Rand', 'lindarand2000@hotmail.com', 21, NULL),
(632, 'Pramila', 'Rao', 'topedog@hotmail.com', 43, NULL),
(633, 'Ofer', 'Raphaeli', 'ofer@karinmodels.co.il', 21, NULL),
(634, 'Tal', 'Rapke', 'tal@cheerful.com', 21, NULL),
(635, 'Sarah', 'Rayner', 'sarahrayner@hotmail.com', 42, NULL),
(636, 'Ran', 'Razy', 'ranrazy@hotmail.com', 21, NULL),
(637, 'Debra', 'Redley', 'debraredley@hotmail.com', 2, NULL),
(638, 'Laine', 'Redpath', 'psyfly@hotmail.com', 100, NULL),
(639, 'Kim', 'Reek', 'kimberlyclarkje@hotmail.com', 27, NULL),
(640, 'Gonny', 'Reichman', 'gonny@rahan.org.il', 21, NULL),
(641, 'Marvin', 'Reid', 'marvinonthemove@hotmail.com', 42, NULL),
(642, 'Levi', 'Reina', 'levireina@bezeqint.net', 21, NULL),
(643, 'Sigi', 'Renzler', 'sigrenz@hotmail.com', 22, NULL),
(644, 'Charlotte', 'Revell', 'c.revell@accountemps.co.uk', 42, NULL),
(645, 'Kate', 'Riedel', 'tahinihoney@hotmail.com', 2, NULL),
(646, 'Liesel', 'Rigsby', 'clrigsby@hotmail.com', 100, NULL),
(647, 'Anna-Maria', 'Rindone', 'contact_anna@yahoo.com', 15, NULL),
(648, 'Lisette', 'Rinkema', 'lisetterinkema@yahoo.com', 27, NULL),
(649, 'Ed', 'Ritger', 'eritger@onebox.com', 43, NULL),
(650, 'Antonietta', 'Roberto', 'antoniettaroberto@yahoo.co.uk', 42, NULL),
(1017, 'Mayan', 'Tzach', 'mayanzuk@hotmail.com', 12, NULL),
(652, 'Mylaine', 'Rochefort', 'mylaine_r@hotmail.com', 7, NULL),
(653, 'Adina', 'Rocoviteanu', 'racovite@hotmail.com', 43, NULL),
(654, 'Kiovanna', 'Rodriguez', 'kiovanna@yahoo.com', 26, NULL),
(655, 'Alison', 'Roffey', 'ukickleali@hotmail.com', 42, NULL),
(656, 'Debora', 'Roggeri', 'aghaliha@yahoo.it', 22, NULL),
(1035, 'Saskia', 'Pietrek', 'satschismail@yahoo.de', 15, NULL),
(658, 'Laura', 'Rose-Boyle', 'listeningtouch@yahoo.com', 100, NULL),
(659, 'Shay', 'Rosen', 'shayrosen@yahoo.com', 21, NULL),
(660, 'Dan', 'Rosenberg', 'dan_rosenberg@hotmail.com', 21, NULL),
(661, 'Zohar', 'Rosenfelder', 'zoharut@hotmail.com', 21, NULL),
(662, 'Eyal', 'Rosenthal', 'eyalrosenthal@hotmail.com', 21, NULL),
(663, 'Amit', 'Rosner', 'amiteast1@yahoo.com', 21, NULL),
(664, 'Jodie', 'Rossiter', 'violetkama@yahoo.com', 100, NULL),
(665, 'Itay', 'Rotem', 'rotemitay@hotmail.com', 21, '1987-01-29 00:00:00'),
(1027, 'Deborah', 'Polonsky', 'deborahpolonsky@hotmail.com', 42, NULL),
(667, 'Michael', 'Rowe', 'sailrowmar@yahoo.co.uk', 37, NULL),
(668, 'Susie', 'Roy', 'susieroy@pobox.com', 19, NULL),
(669, 'Corinne', 'Ruiz', 'ruizcorinne67@yahoo.fr', 14, NULL),
(670, 'Sara', 'Russo', 'SaraRusso@gmx.ch', 39, NULL),
(1042, 'jeuline', 'cavlin', 'scintilla2005@yahoo.com', 38, NULL),
(672, 'Achille', 'Sadoux', 'achillelefou@hotmail.com', 14, NULL),
(673, 'Jean-Philippe', 'Sadoux', 'sadouphilou@hotmail.com', 14, NULL),
(674, 'Maureen and Andrew', 'Salkeld', 'maureensalkeld@msn.com', 7, NULL),
(675, 'Birgitta', 'Salmonsson', 'birgittasalomonsson@hotmail.com', 38, NULL),
(676, 'Oded', 'Saloman', 'odedsal@yahoo.com', 21, NULL),
(677, 'Elisabetta', 'Salusso', 'lisasalusso@hotmail.com', 22, NULL),
(678, 'Paola', 'Sammarchi', 'paskye@yahoo.com', 22, NULL),
(679, 'Lena', 'Samuelsson', 'lena_sa@hotmail.com', 38, NULL),
(680, 'Jimena', 'san Roman', 'ximenasan@yahoo.com', 100, NULL),
(681, 'Blanca', 'Sanchez', 'blancadarling@yahoo.co.uk', 37, NULL),
(682, 'Nava', 'Sanders', 'navanava@hotmail.com', 21, NULL),
(683, 'Tessa', 'Sanderson', 'sandersontessa@hotmail.com', 42, NULL),
(684, 'Nir', 'Sar', 'ssshani@bezeqint.net', 21, NULL),
(685, 'Harry', 'Sarantoglou', 'harryelektron@myself.com', 16, NULL),
(686, 'Galit', 'Sarat', 'galitsarat@hotmail.com', 21, NULL),
(687, 'Nir', 'Sar-Shalom', 'nir_sarshalom@hotmail.com', 21, NULL),
(688, 'Gahl', 'Sasson', 'gahlsasson@sbcglobal.net', 21, NULL),
(689, 'Bo', 'Sattva', 'swadaji@hotmail.com', 42, NULL),
(690, 'Jesper', 'Saunte', 's@unte.dk', 12, NULL),
(691, 'Jacob', 'Schaible', 'jacky_messer@yahoo.de', 15, NULL),
(692, 'Corinne', 'Schertenleib', 'marcelcorrine@hotmail.com', 38, NULL),
(693, 'Andrea', 'Schick', 'schickariah@hotmail.com', 100, NULL),
(694, 'Jeroen', 'Schipperij', 'Jeroenthai@yahoo.co.uk', 27, NULL),
(695, 'Noah', 'Schlesinger', 'Schl@inter.net.il', 21, NULL),
(696, 'Suraya', 'Schmidt', 'surya.s@web.de', 15, NULL),
(697, 'Tabea', 'Schmitt', 'tabea.schmitt@gmx.de', 15, NULL),
(698, 'Oliver', 'Scholz', 'scholtz.oli@gmx.de', 15, NULL),
(699, 'Tina', 'Schrage', 'tinaschrager@stud.uni.karlsruhe.de', 15, NULL),
(700, 'Jacob', 'Schroder', 'tantra@schroder.dk', 12, NULL),
(701, 'Georgia', 'Schumann', 'georgiaschumann@hotmail.com', 38, NULL),
(702, 'Chanan', 'Schwartz', 'solarion@bezeqint.com', 21, NULL),
(703, 'Kim', 'Scott', 'kscott@mba2002.hbs.edu', 100, NULL),
(704, 'Suzi', 'Scrimshaw', 'firestylinsuz@hotmail.com', 100, NULL),
(705, 'Jivan', 'Sefti', 'gilsefti@yahoo.com', 21, NULL),
(706, 'Pauline', 'Seignuir', 'pauline_seignuir@hotmail.com', 38, NULL),
(707, 'Christoph', 'Seitinger', 'astronom@hotmail.com', 3, NULL),
(708, 'Jacqueline', 'Selig', 'jacqcheese@yahoo.com', 43, NULL),
(709, 'Jessica', 'Semmel', 'secondhandvest@yahoo.com', 43, NULL),
(710, 'Mitchell', 'Semple', 'mitchell_semple@hotmail.com', 2, NULL),
(711, 'Jory', 'Serota', 'jmancloop@aol.com', 43, NULL),
(712, 'Liat', 'Shahaf', 'Liat_S@yaelsoft.com', 21, NULL),
(713, 'Laly', 'Shaked', 'lalyshaked@hotmail.com', 21, NULL),
(714, 'Shmulik', 'Shalev', 'nof-yam@bezeqint.net', 21, NULL),
(715, 'Advah', 'Shani', 'advashani1@hotmail.com', 21, NULL),
(716, 'Oren', 'Shapira', 'milioren@hotmail.com', 21, NULL),
(717, 'Itay', 'Sharar', 'itay82@netvision.net.il', 21, NULL),
(718, 'Juliet', 'Shaw', 'jshawthing@hotmail.com', 2, NULL),
(719, 'Norm', 'Shealy', 'norm@normshealy.net', 21, NULL),
(720, 'Sudhir', 'Shekhar', 'sudhirshekhar@rediffmail.com', 19, NULL),
(721, 'Yoav', 'Shemer', 'yoavshemer@yahoo.com', 21, NULL),
(722, 'Ari', 'Shenhar', 'ari_shenhar@yahoo.com', 21, NULL),
(723, 'Eran', 'Sheriff', 'eran@eransheriff.com', 21, NULL),
(724, 'Gili', 'Shilo', 'gili_shilo@yahoo.com', 21, NULL),
(725, 'Sally', 'Shing', 'sally.shing@citigroup.com', 100, NULL),
(726, 'Tali', 'Shmueli', 'talishmueli@hotmail.com', 21, NULL),
(727, 'Tal', 'Shochat', 'talshochat@yahoo.com', 21, NULL),
(728, 'Shoshan', 'Shoher', 'shoshanyagur@hotmail.com', 21, NULL),
(729, 'Judy', 'Shoten', 'judya@netvision.net.il', 21, NULL),
(1537, 'Ali', 'Orbaum', 'aliorbaum@hotmail.com', 42, NULL),
(731, 'Adi', 'Shva', 'adi.shva@aerodiam.be', 21, NULL),
(732, 'Yasmeen', 'Siddiqui', 'ymsiddiqui@yahoo.com', 7, NULL),
(733, 'Johnny', 'Sidoti', 'giancarlo_sidoti@hotmail.com', 2, NULL),
(734, 'Alex', 'Meza', 'alexkmeza@fast-xs.nl', 27, NULL),
(735, 'Kim', 'Siljamaki', 'ksiljama@abo.fi', 13, NULL),
(736, 'Emmanuel', 'Simond', 'esimond@caramail.com', 40, NULL),
(737, 'Karalyn', 'Siner', 'phoenixchickk@hotmail.com', 43, NULL),
(738, 'Sahara', 'Sirocco', 'yorkie_69@hotmail.com', 42, NULL),
(739, 'Maggie', 'Sisson', 'purplemaggie@hotmail.com', 42, NULL),
(740, 'Mikkel', 'Skjoldan', 'skjoldan@yahoo.com', 12, NULL),
(741, 'Agnieszka', 'Szkudlarek', 'agneska_99@yahoo.com', 31, '1974-06-28 00:00:00'),
(742, 'Torben', 'Slot-Petersen', 'torbenslot@yahoo.com', 12, NULL),
(743, 'Graeme', 'Smith', 'gonadz98@hotmail.com', 20, NULL),
(744, 'Elly', 'Smith', 'ellylyra@yahoo.com', 42, '1978-08-18 00:00:00'),
(745, 'Einan', 'Snir', 'enan_snir@yahoo.com', 21, NULL),
(746, 'Shara', 'Soesan', 'xshara@hotmail.com', 100, NULL),
(747, 'Rotem', 'Sol', 'solchik@gmail.com', 100, NULL),
(748, 'Stephen', 'Spyrit', 'ontheplanets@hotmail.com', 43, NULL),
(749, 'Noah', 'Staford', 'noahsmajikarc@hotmail.com', 21, NULL),
(750, 'Daphna', 'Stark', 'daphna_ys@yahoo.com', 21, NULL),
(751, 'Ursula', 'Steiger', 'ursulasteiger@yahoo.com', 39, NULL),
(752, 'Dag', 'Steiner', 'Dag_steiner@yahoo.de', 15, NULL),
(753, 'Anita', 'Stiegler', 'anitastiegler@hotmail.com', 3, NULL),
(754, 'Mararete', 'Stocker', 'mararete.stocker@mx.de', 15, NULL),
(755, 'Michael', 'Strehler', 'mike@strehler.net', 39, NULL),
(756, 'Eric', 'Stryson', 'stryson@socialpotential.com', 43, NULL),
(757, 'Koichiro', 'Suga', 'feather2001@hotmail.com', 23, NULL),
(758, 'Chelsea', 'Sunkosi', 'moonsprout@hotmail.com', 43, NULL),
(759, 'Leon', 'Sunman', 'leon@ayurnet.co.uk', 42, NULL),
(760, 'Martin', 'Svensson', 'marsven@hotmail.com', 12, NULL),
(761, 'David', 'Swann', 'swanneeji@hotmail.com', 19, NULL),
(762, 'Walter', 'Swinnen', 'walterswinnen@indiatimes.com', 27, NULL),
(763, 'Baya', 'Syminton', 'bayasyminton@hotmail.com', 42, NULL),
(764, 'Vangelis', 'Syrigos', 'bsyrigos@yahoo.com', 16, NULL),
(765, 'Istvan', 'Szekely', 'istvanszekely@hotmail.com', 27, NULL),
(766, 'Michelle', 'Taggart', 'taggie@hotmail.com', 100, NULL),
(767, 'Galia', 'Tagger', 'galiatagger@hotmail.com', 21, NULL),
(768, 'Flavio Kenji', 'Takiei', 'feijao2001@hotmail.com', 5, NULL),
(769, 'Merav', 'Tal-or', 'merav-talor@hotmail.com', 21, NULL),
(770, 'Gregoriou', 'Talya', 'talyagregoriou@yahoo.com', 100, NULL),
(771, 'Dana', 'Tane', 'dtane@yahoo.com', 100, NULL),
(772, 'Prem', 'Tanmayo', 'prem_tanmayo@yahoo.com', 21, NULL),
(773, 'Naoko', 'Tano', 'naokotano@hotmail.com', 23, NULL),
(774, 'Pekka', 'Tasala', 'pekka@tasala.com', 39, NULL),
(775, 'Jasmine', 'Taylor', 'Jastay222@hotmail.com', 2, NULL),
(776, 'Erik', 'Teichmann', 'erikt114@yahoo.com.au', 2, NULL),
(777, 'Moku', 'Teraoka', 'moku71@yahoo.com', 23, NULL),
(778, 'Wolfgang', 'Theurer', 'wolfgang.theurer@t-online.de', 15, NULL),
(779, 'Darren', 'Thomas', 'darren-thomas@lineone.net', 42, NULL),
(780, 'Kames', 'Thomsan', 'james__2000@hotmail.com', 28, NULL),
(781, 'Melanie', 'Thomson', 'kalhoksan@yahoo.co.uk', 42, NULL),
(782, 'Leigh', 'Tillman', 'ltbil@yahoo.com', 100, NULL),
(783, 'Laetitia', 'Tisserand', 'letitony@yahoo.com', 100, NULL),
(784, 'Jens', 'Toft-Pedersen', 'j.toft@usa.net', 12, NULL),
(785, 'Beatrice', 'Tomas', 'photoshakti07@yahoo.co.uk', 3, NULL),
(786, 'Jan', 'Tomas', 'schizu1701@hotmail.com', 3, NULL),
(787, 'Geoff', 'Torkington', 'mynuisance@hotmail.com', 43, NULL),
(788, 'Eduardo', 'Torres', 'etorres2000@msn.com', 43, NULL),
(789, 'Phillipe', 'Traber', 'philtraber@yahoo.de', 15, NULL),
(790, 'Michael', 'Trefz', 'kleineslaecheln@web.de', 15, NULL),
(791, 'Diane', 'Tremblay', 'tdia@generation.net', 7, NULL),
(792, 'Hannah', 'Trosbjerg', 'hannetr@image.dk', 12, NULL),
(793, 'Sara', 'Tsiropinas', 'sarapaint@hotmail.com', 43, NULL),
(794, 'Yariv', 'Tubul', 'yarivtubul@usa.com', 21, NULL),
(795, 'Zeynep', 'Tumerdem', 'zeyneptumerdem@yahoo.com', 41, NULL),
(796, 'Gillian', 'Twomey', 'gtwomey@hotmail.com', 20, NULL),
(797, 'Kali', 'Tyler', 'aumdeva@hotmail.com', 43, NULL),
(798, 'Eleni', 'Tzellou', 'eleni.tzellou@excite.com', 15, NULL),
(799, 'Christian', 'Tzurcanu', 'ctzurcanu@yahoo.com', 33, NULL),
(800, 'Amichay', 'Udi', 'amichayudi@hotmail.com', 21, NULL),
(801, 'Miho', 'Ueda', 'mihort@hotmail.com', 23, NULL),
(802, 'Maja', 'Ulbrich', 'majaulbrich@hotmail.com', 29, NULL),
(803, 'Cristina', 'Unida', 'kayam@tiscali.net.it', 22, NULL),
(804, 'Dr.Nitin', 'Unkule', 'vedayoga@pn2.vsnl.net.in', 19, NULL),
(805, 'Katie', 'Uyede', 'katieuyede@hotmail.com', 7, NULL),
(806, 'Sonia', 'Vaida', 'sonia@netvision.net.il', 21, NULL),
(807, 'Marjaana', 'Vainio', 'marjaana_vainio@hotmail.com', 13, NULL),
(808, 'Ronela', 'Vainio', 'kalevatar_ronela@hotmail.com', 13, NULL),
(809, 'Kourosh', 'Valadi', 'korashv@yahoo.ca', 7, NULL),
(1034, 'Ellen', 'Guzauski', 'ellenguz@optonline.net', 43, NULL),
(811, 'Lilian', 'Van Dam', 'lilianvandam@yahoo.co.in', 27, NULL),
(812, 'Esther', 'van Looij', 'e_van_looij@hotmail.com', 27, NULL),
(813, 'Elly', 'Van Zandwijk', 'ellyvanzandwijk@yahoo.com', 27, NULL),
(814, 'Winde', 'Vandegaer', 'windeevandegaer@yahoo.com', 12, NULL),
(815, 'Oded', 'Vardi', 'odedu77@hotmail.com', 21, NULL),
(816, 'Tobal', 'Vardit', 'tobalvardit@hotmail.com', 21, NULL),
(817, 'Jivan', 'Vasant', 'erictwitty@canoemail.com', 7, NULL),
(818, 'Monika', 'Vazirani', 'findmonika@yahoo.com', 43, NULL),
(819, 'Raisa', 'Veikkola', 'raisipops@hotmail.com', 100, NULL),
(1545, 'Vanessa', 'Knee', 'skiknee70@hotmail.com', 2, NULL),
(821, 'Julian', 'Ventner', 'space@otenet.gr', 16, NULL),
(822, 'Karen', 'Verhoog', 'karen.verhoog@lycos.co.uk', 42, NULL),
(823, 'Seon', 'Verios', 's_verios@hotmail.com', 2, NULL),
(824, 'Becky', 'Verner', 'beckyverner@yahoo.co.uk', 42, NULL);
INSERT INTO `tblstudents` (`idstudent`, `chrfirstname`, `chrsurname`, `chremail`, `idcountry`, `dtdob`) VALUES (825, 'Attanasio', 'Veronica', 'vattan2sio@hotmail.com', 14, NULL),
(826, 'Suzanne', 'Vian', 'suzannevian@yahoo.com', 43, NULL),
(827, 'Theis', 'Viberg-Holde', 'Theis@image.dk', 12, NULL),
(828, 'Frederic', 'Vidal', 'Fred_Vidal@hotmail.com', 14, NULL),
(829, 'Roger', 'Vilalta', 'roger_vilalta@hotmail.com', 37, NULL),
(830, 'Pamela', 'Villasenor', 'pam_vg@hotmail.com', 100, NULL),
(831, 'Swami', 'Vivekananda', 'jayaratha@yahoo.com', 33, NULL),
(832, 'Sophie', 'Voisin', 'sofia_voisin@hotmail.com', 14, NULL),
(833, 'Erik', 'Von_Vollenweider', 'erikvonvollenweider@hotmail.com', 14, NULL),
(834, 'Chris', 'Waghorn', 'user@swainslane.freeserve.co.uk', 42, NULL),
(835, 'Hamid', 'Wahid', 'hamistar77@yahoo.co.uk', 42, NULL),
(836, 'Amotz', 'Waiss', 'wamotz@yahoo.com', 21, NULL),
(837, 'Michaela', 'Walker', 'funkyforestfairy@hotmail.com', 2, NULL),
(838, 'Tim', 'Walter', 'tuuuu1@hotmail.com', 2, NULL),
(839, 'Lauren', 'Walter', 'lauren_walter@hotmail.com', 36, NULL),
(840, 'Kerensa', 'Ward', 'kerensaward@hotmail.com', 100, NULL),
(841, 'Steffen', 'Warner', 'warnerdesign@msn.com', 43, NULL),
(842, 'Anna', 'Watkins', 'banane@purpleturtle.com', 42, NULL),
(843, 'Tamara', 'Watson', 'tamarawatson@hotmail.com', 7, NULL),
(1158, 'Astarte Sharananda', 'Deva', 'healyourheart@hotmail.com', 43, NULL),
(845, 'Obelia', 'Webb', 'namasteobelia@yahoo.com', 100, NULL),
(846, 'Mike', 'Weeks', 'x1sports@blueyonder.co.uk', 42, NULL),
(847, 'Anat', 'Weinstein', 'anatwein@hotmail.com', 21, NULL),
(848, 'Tomer', 'Weiss', 'tomer_weiss@yahoo.com', 21, NULL),
(849, 'Asaf', 'Weitzen', 'asafthailand@yahoo.com', 21, NULL),
(850, 'Eyal', 'Weitzner', 'eyal_22@hotmail.com', 21, NULL),
(851, 'Mic', 'Wells', 'swellsongs@hotmail.com', 2, NULL),
(1051, 'dana', 'tupa', 'danatupa@hotmail.com', 33, NULL),
(853, 'Sandra', 'Wennerhag', 'loveandshare@hotmail.com', 38, NULL),
(854, 'Anna', 'Westcott', 'harmonizekosmicstars@yahoo.com', 42, NULL),
(855, 'Jan', 'Whacker', 'janwhacker@hotmail.com', 15, NULL),
(856, 'Mark', 'Whyte', 'gowhyte1@hotmail.com', 20, NULL),
(857, 'Helmut', 'Wiedel', 'dissy21@foni.net', 100, NULL),
(858, 'Lynda', 'Wieloch', 'Lynda_wieloch@hotmail.com', 15, NULL),
(859, 'Matthew', 'Wigezellg', 'steppenwig@hotmail.com', 42, NULL),
(860, 'Matthew', 'Wigzell', 'steppenwig@hotmail.com', 100, NULL),
(861, 'Monique', 'Wilhelm', 'mowie66@hotmail.com', 27, NULL),
(862, 'Pia', 'Wilkinson', 'greenpea86@hotmail.com', 2, NULL),
(863, 'Chersti', 'Wilkinson', 'pixshee@yahoo.co.uk', 42, NULL),
(864, 'Jeffrey', 'Winsauer', 'docwinsauer@hotmail.com', 43, NULL),
(865, 'Katie', 'Winterbourne', 'ktwinterbourne@usa.net', 42, NULL),
(866, 'Kristof', 'Wittstock', 'olister777@yahoo.com', 3, NULL),
(867, 'Debbie', 'Wolfe', 'debheadwolfe@hotmail.com', 43, NULL),
(868, 'Amy', 'Wollish', 'awollish@bucknell.edu', 43, NULL),
(1742, 'Susan', 'Wells', 'yogamom108@gmail.com', 7, NULL),
(870, 'Ula', 'Wyman', 'U_Tempest@hotmail.com', 2, NULL),
(871, 'Frank', 'Yaacov', 'frank100@inter.net.il', 21, NULL),
(872, 'Toru', 'Yamasaki', 'yamasakitoru@hotmail.com', 23, NULL),
(873, 'Rebecca', 'Yang', 'rebeccalwyang@yahoo.com', 8, NULL),
(874, 'Itay', 'Yaniv', 'itayaniv@hotmail.com', 21, NULL),
(875, 'Uri', 'Yariv', 'urishely@hotmail.com', 21, NULL),
(1043, 'Peter', 'Stjernby', 'stjernby@hotmail.com', 12, NULL),
(877, 'Avi', 'Yasur', 'ayasur@netvision.net.il', 21, NULL),
(878, 'Eerika', 'Yli-Mattila', 'eerikala@yahoo.co.uk', 13, '1975-11-03 00:00:00'),
(879, 'Yogi', 'Yogesh', 'indianhimalayas@yahoo.co.uk', 42, NULL),
(880, 'Naomi', 'Yoshigama', 'latina@agate.plala.or.jp', 23, NULL),
(881, 'Naotaka', 'Yui', 'yuinaotaka@yahoo.com', 23, NULL),
(882, 'Chen', 'Zakay', 'chen_zakay@hotmail.com', 21, NULL),
(883, 'Peter and Sylvia', 'Zanger', 'ps-zanger@t-online.de', 15, NULL),
(884, 'Aram', 'Zarifian', 'aramzarifian@hotmail.com', 38, NULL),
(885, 'Merrilyn', 'Zaubzer', 'radmaz@hotmail.com', 2, NULL),
(886, 'Veredi', 'Zeitoun', 'verediz@hotmail.com', 21, NULL),
(887, 'Zeev', 'Zilber', 'zeev_zilber@yahoo.com', 21, NULL),
(888, 'Adi', 'Zilbersten', 'adiventure1@hotmail.com', 21, NULL),
(889, 'Denny', 'Zimmel', 'sirhugalot99@yahoo.com', 100, NULL),
(890, 'Dror', 'Zohar', 'dror_zohar@yahoo.com', 21, NULL),
(1045, 'Mariel', 'Altobello', 'maltobello@hotmail.com', 1, NULL),
(892, 'Yuval', 'Zur', 'Yuvalzur@hotmail.com', 21, NULL),
(893, 'Nirvesha', '', 'julia_longford@yahoo.com.au', 2, NULL),
(894, 'Samantha', NULL, 'shaktidreaming@yahoo.com.au', 2, NULL),
(895, 'Abigail', 'Gibson', 'abiinoz2003@yahoo.com.au', 2, NULL),
(896, 'Yogi', NULL, 'manstar2002au@yahoo.com.au', 2, NULL),
(897, 'Yogi', NULL, 'virgon54@yahoo.com.au', 2, NULL),
(898, 'Yogi', NULL, 'kyssetrold@yahoo.com.au', 2, NULL),
(899, 'Akasha', NULL, 'akashamayakosa@yahoo.com', 7, NULL),
(900, 'Gurvinder', NULL, 'Parmarg@yahoo.com', 7, NULL),
(901, 'Marc', NULL, 'mmesich@uoguelph.ca', 7, NULL),
(1060, 'anber', 'tsai', 'anber0025@yahoo.com.tw', 100, NULL),
(1058, 'Yugesh', 'Namdev', 'yugesh23@yahoo.co.in', 19, NULL),
(904, 'Elodia', NULL, 'jayashrii2001@yahoo.com', 12, NULL),
(905, 'Hector', NULL, 'Hector@get2net.dk', 12, NULL),
(906, 'Yogi', NULL, 'no55dk@yahoo.dk', 12, NULL),
(907, 'Sophie et Jean-Pierre', NULL, 'bloodi70@hotmail.com', 14, NULL),
(908, 'Yogi', NULL, 'taschale@yahoo.fr', 14, NULL),
(909, 'Yogi', NULL, 'd003232@web.de', 15, NULL),
(910, 'Roland', 'Patka', '2rolli@gmx.de', 15, NULL),
(1064, 'michaela', 'weikenstorfer', 'michaela_wt@yahoo.de', 15, NULL),
(912, 'Maria', 'Mandani', 'ianthi_uma@hotmail.com', 16, '1964-01-08 00:00:00'),
(913, 'Diana', NULL, 'barbarus@kfhik.hu', 17, NULL),
(1538, 'Redactie', 'Yoga', 'redactie@yogaspecial.nl', 27, NULL),
(915, 'Arlette', 'Wuethrich', 'arlet999@yahoo.com', 39, NULL),
(916, 'Akash', NULL, 'akashjewells@hotmail.com', 21, NULL),
(917, 'Amir', 'Kfir', 'amirkfir@barak-online.net', 21, NULL),
(918, 'Ana and Lee', NULL, 'buskuit@yahoo.com', 21, NULL),
(919, 'Anna', NULL, 'Bisquit_1@excite.com', 21, NULL),
(1709, 'Pernilla', 'Johansson', 'NillaP@hotmail.com', 32, NULL),
(921, 'Itay', NULL, 'sababush@hotmail.com', 21, NULL),
(922, 'Lee', NULL, 'Lee_sh6@excite.com', 21, NULL),
(923, 'Lee', NULL, 'Lee_klug@hotmail.com', 21, NULL),
(924, 'Liat', NULL, 'liatedelman@hotmail.com', 21, NULL),
(925, 'Lison', NULL, 'lisonms@yahoo.com', 21, NULL),
(926, 'Manny', NULL, 'mbjltd@netvision.net.il', 21, NULL),
(927, 'Marc', NULL, 'spirulus@mweb.co.za', 21, NULL),
(928, 'Michal', NULL, 'Michalha@hotmail.com', 21, NULL),
(929, 'Noah', NULL, 'schle@012.net.il', 21, NULL),
(930, 'Razale', NULL, 'yaelu@barak-online.net', 21, NULL),
(931, 'Tal', NULL, 'inbarubin@hotmail.com', 21, NULL),
(932, 'Marva', 'Tzalach', 'marv_tz@hotmail.com', 21, NULL),
(933, 'Yogi', NULL, 'taliaben@hotmail.com', 21, NULL),
(934, 'Yogi', NULL, 'shultzao@yahoo.com', 21, NULL),
(935, 'Yogi', NULL, 'anat185@zahav.net.il', 21, NULL),
(936, 'Yogi', NULL, 'isgirzon@wall.co.il', 21, NULL),
(937, 'Yogi', NULL, 'noiati@hotmail.com', 21, NULL),
(1270, 'Martin', 'Jelfs', 'm.jelfs@zen.co.uk', 42, NULL),
(939, 'Yogi', NULL, 'passal@012.net.il', 21, NULL),
(940, 'Yogi', NULL, 'fishmanm@bgumail.bgu.ac.il', 21, NULL),
(941, 'Yogi', NULL, 'dan_alt@walla.co.il', 21, NULL),
(1140, 'Paul', 'Arrowsmith', 'paularrowsmith@gmail.com', 42, NULL),
(943, 'Yogi', NULL, 'neshertv@hotmail.com', 21, NULL),
(944, 'Yogi', NULL, 'eladshoham@hotmail.com', 21, NULL),
(945, 'Yogi', NULL, 'ptachek@hotmail.com', 21, NULL),
(946, 'Yogi', NULL, 'udi_perel@hotmail.com', 21, NULL),
(947, 'Yogi', NULL, 'pablo@telyosef.co.il', 21, NULL),
(948, 'Yogi', NULL, 'ofri@plastro.com', 21, NULL),
(949, 'Yogi', NULL, 'limoraizic@yahoo.com', 21, NULL),
(950, 'Yogi', NULL, 'office@ronpaz.co.il', 21, NULL),
(951, 'Yogi', NULL, 'yaelisagi@hotmail.co.il', 21, NULL),
(952, 'Yogi', NULL, 'akrshin@walla.co.il', 21, NULL),
(953, 'Yogi', NULL, 'or_koren@hotmail.com', 21, NULL),
(1046, 'Karen', 'Verhoog', 'karen.verhoog@postoffice.co.uk', 42, NULL),
(955, 'Yogi', NULL, 'cash@rahan.org.il', 21, NULL),
(956, 'Yogi', NULL, 'tocynthial@aol.com', 21, NULL),
(957, 'Yogi', NULL, 'ykoren@nesher.co.il', 21, NULL),
(958, 'Yogi', NULL, 'haimimi@beeri.org.il', 21, NULL),
(959, 'Yogi', NULL, 'romer@barak-online.net', 21, NULL),
(960, 'Yogi', NULL, 'talulavi@yahoo.com', 21, NULL),
(961, 'Yogi', NULL, 'ronenron20@hotmail.com', 21, NULL),
(1047, 'Wakako', 'Suzuki', 'wakako31@aol.com', 23, NULL),
(963, 'Yogi', NULL, 'asafagami@hotmail.com', 21, NULL),
(964, 'Yogi', NULL, 'nn_raz@kvgeva.org.il', 21, NULL),
(965, 'Yogi', NULL, 'gra@kvgeva.org.il', 21, NULL),
(1200, 'ridha', 'arfaoui', 'ridha_arfaoui@hotmail.com', 27, NULL),
(967, 'Yogi', NULL, 'mezach@actcom.net.il', 21, NULL),
(968, 'Yogi', NULL, 'orti269@012.net.il', 21, NULL),
(969, 'Yogi', NULL, 'yardenp@hotmail.com', 21, NULL),
(970, 'Yogi', NULL, 'g_lavi@hotmail.com', 21, NULL),
(1139, 'urania', 'tsakmakidou', 'rania@pilides.gr', 16, NULL),
(972, 'Yogi', NULL, 'artzi@kvgeva.org.il', 21, NULL),
(973, 'Yogi', NULL, 'galitass@hotmail.com', 21, NULL),
(974, 'Yogi', NULL, 'ohad_ofer@hotmail.com', 21, NULL),
(975, 'Yogi', NULL, 'pninaf@012.net.il', 21, NULL),
(976, 'Yogi', NULL, 'multiversity@osho.net', 21, NULL),
(977, 'Yogi', NULL, 'avital_m2003@yahoo.co.uk', 21, NULL),
(978, 'Yogi', NULL, 'ciuc@163bj.com', 21, NULL),
(979, 'Yogi', NULL, 'avshy_by@kvgeva.org.il', 21, NULL),
(980, 'Yogi', NULL, 'ofragon@netvision.net.il', 21, NULL),
(981, 'Yogi', NULL, 'eshel36@012.net.il', 21, NULL),
(982, 'Yogi', NULL, 'dvirkario@hotmail.com', 21, NULL),
(983, 'Yogi', NULL, 'gil_ram@kvgeva.org.il', 21, NULL),
(984, 'Yogi', NULL, 'liorshavit@walla.co.il', 21, NULL),
(985, 'Yogi', NULL, 'ahinoami@hotmail.com', 21, NULL),
(986, 'Yogi', NULL, 'noatrans@walla.co.il', 21, NULL),
(987, 'Yogi', NULL, 'roy7_6@yahoo.com', 21, NULL),
(988, 'Ziv', NULL, 'kovals@bgumail.bgu.ac.il', 21, NULL),
(989, 'Yogesh', NULL, 'yogeshvaran@hotmail.com', 25, NULL),
(990, 'Katia', 'Orozco', 'keod75@yahoo.com.mx', 26, NULL),
(991, 'Pastal', NULL, 'sparki@oceancurrents.co.za', 36, NULL),
(992, 'Ines', NULL, 'ines77772003@yahoo.es', 37, NULL),
(993, 'Wongsanit Ashram', NULL, 'ashram@cscoms.com', 40, NULL),
(994, 'Andy', NULL, 'andy_nottm2002@yahoo.co.uk', 42, NULL),
(995, 'Alexis', 'Williams', 'zarfuk@yahoo.com', 42, NULL),
(996, 'Lila', NULL, 'lilas108@yahoo.co.uk', 42, NULL),
(997, 'Peter', 'Rowan', 'naturaltrust@gmail.com', 2, NULL),
(1032, 'karen', 'collins', 'relaxaway@hotmail.com', 42, NULL),
(999, 'Yogi', NULL, 'bachus67@yahoo.co.uk', 42, NULL),
(1000, 'Yogi', NULL, 'wholeaumon@yahoo.co.uk', 42, NULL),
(1001, 'Hannah', '', 'ojasananda@yahoo.co.uk', 42, NULL),
(1002, 'Yogi', NULL, 'annikiinuk@yahoo.co.uk', 42, NULL),
(1003, 'Elsy', NULL, 'esly3@yahoo.com', 43, NULL),
(1004, 'Adina', NULL, 'hominid9@aol.com', 100, NULL),
(1005, 'Claudia', NULL, 'laadidaa@telstra.com', 100, NULL),
(1006, 'Pepa', NULL, 'pepa@ripe.net', 100, NULL),
(1007, 'Yogi', NULL, 'kiddos@oberon.ark.com', 100, NULL),
(1008, 'Yogi', NULL, 'shawsky@yahoo.com', 100, NULL),
(1009, 'Yogi', NULL, 'missioncontrol@webweevers.com', 100, NULL),
(1010, 'Yogi', NULL, 'rmguy2@earthlink.net', 100, NULL),
(1011, 'Yogi', NULL, 'talipal300@yahoo.com', 100, NULL),
(1016, 'Ari', 'Saranga', 'arie07@mail.com', 21, NULL),
(1028, 'Maichael', 'William', 'tantrika@bigfoot.com', 43, NULL),
(1014, 'Firstname', 'Surname', 'testing@test.co.uk', 1, NULL),
(1018, 'Scot', 'Muir', 'scotmukti@hotmail.com', 2, NULL),
(1019, 'Arthur', 'Lederer', 'arthur_lederer@yahoo.com', 21, NULL),
(1020, 'Fuyoku', 'Nomoto', 'fuyokuhime@hotmail.com', 23, NULL),
(1021, 'Hiroyuki', 'Imai', 'giraffe_sagittarius@yahoo.co.jp', 23, NULL),
(1264, 'Heidi', 'Smith', 'catch_heidi@yahoo.co.uk', 42, NULL),
(1023, 'Will', 'Fagence', 'kaizerbill@hotmail.com', 42, NULL),
(1024, 'Donna', 'Houghton', 'ddhoughton15@yahoo.com', 43, NULL),
(1025, 'Koshek', 'Swaminathan', 'arasophia@yahoo.com', 43, NULL),
(1026, 'Kit', 'Wray', 'kit_wray@hotmail.com', 43, NULL),
(1065, 'Michael', 'Dunn', 'spandashakti@yahoo.com', 36, NULL),
(1066, 'meinoud', 'Rijnen', 'meinoud@gmail.com', 27, '1969-03-07 00:00:00'),
(1067, 'saskia', 'grootegoed', 'saskiagrootegoed@yahoo.com', 27, NULL),
(1068, 'Suntree', 'Subkaew', 's11suntree@yahoo.com', 40, NULL),
(1069, 'Vincenz', 'Georgantis', 'gyanbhakta@gmail.com', 16, NULL),
(1070, 'Oksana', 'Andrushko', 'petrushka-o@mail.ru', 21, NULL),
(1072, 'Elizabeth', 'Dietrichsen', 'liesbet@myway.com', 44, NULL),
(1544, 'noa', 'vidman', 'vidmanoa@gmail.com', 21, NULL),
(1073, 'collyn', 'lovelace', 'collynlovelace@hotmail.com', 7, NULL),
(1161, 'Annie', 'Franz', 'annie.franz@gmail.com', 43, NULL),
(1075, 'stacy', 'warren', 'stacywarren72@hotmail.com', 16, NULL),
(1076, 'Mark', 'Hefferman', 'shabbabling@yahoo.co.uk', 42, '1981-05-04 00:00:00'),
(1077, 'Mandu', 'Buchanan', 'nutbagges@hotmail.com', 42, '1975-05-18 00:00:00'),
(1078, 'Ramjee', 'Wallenta', 'c.wallenta@gmx.net', 3, '1981-03-29 00:00:00'),
(1079, 'River', 'Thomson', 'river.thomson@gmail.com', 42, NULL),
(1080, 'Bern', 'Haggard', 'landrum1366@yahoo.com', 43, '1966-12-13 00:00:00'),
(1081, 'Michael', 'Nadav', 'mn1272@gmail.com', 21, '1972-12-29 00:00:00'),
(1082, 'Mark', 'Hughes', 'hughes_mark_m@hotmail.com', 2, '1975-07-11 00:00:00'),
(1083, 'Maya', 'Waldman', 'mayawa@hotmail.com', 21, '1985-04-12 00:00:00'),
(1084, 'Anna', 'Komkova', 'konvertanna@gmail.com', 34, NULL),
(1085, 'Victor', 'Chevtson', 'chertsov@yahoo.com', 34, '1955-03-19 00:00:00'),
(1086, 'Eva', 'Visser', 'evalaya@hotmail.com', 100, NULL),
(1087, 'Anja', 'Gillmann', 'agillmann@yahoo.de', 39, NULL),
(1088, 'jess', 'marsden', 'jessmarsden@hotmail.com', 42, NULL),
(1089, 'leah', 'currie', 'a1leah@msn.com', 42, NULL),
(1090, 'Kaori', 'Nakajima', 'kaoringnakajima@hotmail.com', 23, NULL),
(1091, 'Jarkko', 'Kaunismaki', 'jaggans@telia.com', 38, NULL),
(1092, 'Shakarah', 'Poff', 'shakarah11@hotmail.com', 40, NULL),
(1093, 'Karen', 'McMullen', 'ksmcmullen@yahoo.com', 2, NULL),
(1094, 'Erik', 'Peltz', 'peltzerik@hotmail.com', 43, '1963-03-25 00:00:00'),
(1095, 'Paul', 'Martin', 'lifesariot40@yahoo.co.uk', 42, '1965-01-09 00:00:00'),
(1096, 'Luke', 'Marphy', 'marphyluke@hotmail.com', 43, '1977-12-17 00:00:00'),
(1097, 'Aliy', 'Txe', 'aliyscuba@yahoo.com', 26, '1969-08-22 00:00:00'),
(1098, 'Yifat', 'Glick', 'yifat120@yahoo.com', 21, '1974-05-01 00:00:00'),
(1099, 'Andrea', 'Zeiddlack', 'mrs.pavlos@web.de', 15, '1966-04-19 00:00:00'),
(1100, 'Natascha', 'Mercorio', 'tash@dzit.com', 36, '1975-09-24 00:00:00'),
(1101, 'Akhilesh', '', 'sarvagata@india.com', 7, '1985-01-08 00:00:00'),
(1102, 'Linda', 'Mc Carthy', 'mccarthy_linda@yahoo.com', 20, '1975-02-18 00:00:00'),
(1103, 'Ian', 'Bell', 'irbell1@gmail.com', 20, '1974-03-02 00:00:00'),
(1104, 'Amy', 'Henderson', 'amyheider@gmail.com', 28, '1983-02-07 00:00:00'),
(1105, 'Raina', 'Fanfold', 'rainafanfold@hotmail.com', 41, '1966-04-06 00:00:00'),
(1106, 'Suzanne', 'Stott', 'petstar6@optus.net.com.au', 2, '1967-06-06 00:00:00'),
(1107, 'Adrian', 'Fanet', 'fanetadr@gmail.com', 14, '1980-03-19 00:00:00'),
(1108, 'Susanne', 'Larsson', 'larssonsusanne@yahoo.com', 38, '1980-04-10 00:00:00'),
(1109, 'Sarah', 'Mandie', 'littlemissmandie@gmail.com', 2, NULL),
(1110, 'Vered', 'Szykman', 'veredshik@gmail.com', 21, '1977-07-07 00:00:00'),
(1111, 'Ola', 'Hammarstrom', 'olahammarstom@hotmail.com', 38, '1984-08-10 00:00:00'),
(1112, 'Rebecca', 'Bower', 'rebecca.bower@gmail.com', 2, '1981-05-29 00:00:00'),
(1113, 'Rachel', 'Oberdorf', 'orachel@free.fr', 14, '1972-08-24 00:00:00'),
(1114, 'David', 'Almeida', 'david79almeida@yahoo.com', 43, '1979-03-15 00:00:00'),
(1160, 'Marita', 'Cutajar', 'tita017@hotmail.com', 101, NULL),
(1116, 'Sylvia', 'Schrott', 'sylvie.schrott@gmx.at', 2, '1956-02-29 00:00:00'),
(1117, 'Mazilena', '', 'mazilena@iemx.yz', 16, '1978-09-08 00:00:00'),
(1118, 'Laine', 'Griffiths', 'laineyg21@hotmail.com', 2, '1982-06-17 00:00:00'),
(1119, 'Renata', 'Hendrykova', 'renatasva@yahoo.co.uk', 11, '1976-06-10 00:00:00'),
(1120, 'Martina', 'Sevcikova', 'martina.sevcikova@email.cz', 11, '1981-04-28 00:00:00'),
(1121, 'Siobhan', 'O''Malley', 'siobanomalley@hotmail.com', 20, '1969-01-08 00:00:00'),
(1122, 'Sarah', 'Sanderson', 'sarahsanderson@yahoo.co.uk', 42, '1980-04-29 00:00:00'),
(1123, 'Anya', 'Brand', 'anyazoebrand@hotmail.com', 2, '1972-04-18 00:00:00'),
(1124, 'Cardyn', 'Coles', 'cardyn.innersmile@yahoo.co.uk', 42, '1963-10-18 00:00:00'),
(1125, 'Hagit', 'Greilsammer', 'mail@hagit_dance.com', 21, '1974-08-07 00:00:00'),
(1126, 'Jack', '', 'cool.gyybt@yahoo.com', 19, '1970-01-20 00:00:00'),
(1127, 'Andy', 'Reece', 'dharmahound@gmail.com', 43, '1979-05-17 00:00:00'),
(1128, 'Jonathan', 'Hey', 'jon@tribalfusion.tv', 42, '1972-09-10 00:00:00'),
(1129, 'Sean', 'Goldberg', 'goldieabroad@yahoo.com', 2, '1980-11-13 00:00:00'),
(1159, 'Nicole', 'Young', 'njyoung@hotmail.com', 2, NULL),
(1131, 'Petra', 'Karsenbarg', 'petra.karsenbarg@swipnet.se', 38, NULL),
(1132, 'Cecilia', 'Linden', 'cclinden@hotmail.com', 38, '1976-10-19 00:00:00'),
(1133, 'Liron', 'Koren', 'koren.liron@gmail.com', 21, '1980-09-24 00:00:00'),
(1134, 'Elim', '', 'bella73us@yahoo.com', 38, '1973-05-13 00:00:00'),
(1135, 'Dominic', 'Whitson', 'domwhiston@yahoo.com', 42, '1960-08-14 00:00:00'),
(1136, 'Jilles', 'Waagmeester', 'jilles@waagmeester.net', 100, '1949-04-06 00:00:00'),
(1137, 'Jet', 'Kellner', 'jetkellner@hotmail.com', 100, '1952-07-23 00:00:00'),
(1138, 'Eliza', 'Shablovska', 'vellisa_9@hotmail.com', 100, '1976-11-10 00:00:00'),
(1141, 'Gabriel', 'Gheorghiu', 'gabison@gmail.com', 33, NULL),
(1142, 'Jesper', 'Saunte', 'div@unte.dk', 12, NULL),
(1143, 'Anita', 'Schurink', 'anitaschurink@hotmail.com', 27, NULL),
(1144, 'dimitris', 'athiridis', 'innerlight@panafonet.gr', 16, NULL),
(1145, 'Julia', 'Schluefter', 'jschluefter@hotmail.com', 15, NULL),
(1146, 'Ron', 'Piron', 'ron_piron@yahoo.com', 21, '1980-12-11 00:00:00'),
(1147, 'Renata', 'Desics', 'desics.renata@axelero.hu', 17, NULL),
(1148, 'Sebastian', 'MATEI', 'matangari@hotmail.com', 33, NULL),
(1149, 'Natasja', 'de Lange', 'mailtonatasja@yahoo.com', 27, NULL),
(1150, 'Marlo', 'Mercuri', 'marsiem@hotmail.com', 2, NULL),
(1151, 'Yvonne', 'Li', 'livaja@netvigator.com', 100, NULL),
(1152, 'Zeynep', 'Tumerdem', 'ztumerdem@gmail.com', 41, NULL),
(1153, 'frits', 'roessingh van iterson', 'newmillenniman@hotmail.com', 27, NULL),
(1154, 'anna', 'cimmino', 'ajcfonte@yahoo.co.uk', 42, NULL),
(1612, 'Deepak', 'sharma', 'dk_osho@yahoo.com', 19, NULL),
(1156, 'anto', 'ps', 'antonellaps@gmail.com', 22, NULL),
(1157, 'Jenny', 'van den Heuvel', 'jennyvdheuvel@yahoo.com', 27, NULL),
(1162, 'magdalena', 'kusch', 'magdalenakusch@web.de', 15, NULL),
(1232, 'Franchesco', 'Franco', 'franco1@cox.net', 22, NULL),
(1164, 'swamini Mata', 'yogananda', 'fiy@yoganet.org', 1, NULL),
(1165, 'Guenter', 'Riethmacher', 'Ritus@web.de', 44, NULL),
(1166, 'Melania', 'Gil de Sagredo', 'gildesagredo@hotmail.com', 41, NULL),
(1167, 'Sophie', 'Poignant', 'sophiepoignant@hotmail.com', 37, NULL),
(1168, 'Lauren', 'Degilio', 'Laurdeg@hotmail.com', 7, NULL),
(1169, 'jrgen', 'lorani', 'lorani@gmx.net', 39, NULL),
(1170, 'Henrik', 'Laulund', 'henrik.laulund@gmail.com', 43, NULL),
(1171, 'elizabeth', 'delval', 'Bethnjess4@cox.net', 43, NULL),
(1172, 'Matilda', 'Eriksson', 'matilda_eriksson81@hotmail.com', 42, NULL),
(1173, 'Maite', 'Sandoval', 'maitesandoval@gmail.com', 25, NULL),
(1174, 'Kate', 'Shannon', 'charliekate@hotmail.com', 2, NULL),
(1175, 'Sher', 'Leyendeckers', 'sleyendeckers@sympatico.ca', 7, NULL),
(1176, 'jodi', 'Downes', 'jodidownes@yahoo.com.sg', 35, NULL),
(1177, 'Marie', 'Gardom', 'scribblejuliet@mac.com', 42, NULL),
(1178, 'Karan', 'Rowe', 'karan_rowe@optusnet.com.au', 2, NULL),
(1179, 'Kira', 'Yanenko', 'kirkau@mail.ru', 34, NULL),
(1180, 'Tine', 'Grann', 'tinegrann@yahoo.dk', 12, NULL),
(1181, 'Lajos', 'Hinora', 'lajos.hinora@yahoo.co.uk', 17, NULL),
(1182, 'Sacha', 'Horowitz', 'sachaweb@idhdiamonds.com', 4, NULL),
(1183, 'Ana Maria', 'Caroli', 'anamariacaroli@yahoo.co.uk', 42, NULL),
(1184, 'Pereira', 'Oliver', 'tenshiteiubesc@yahoo.co.uk', 42, NULL),
(1185, 'rukmini', 'debus', 'rukmini@gmx.de', 15, NULL),
(1186, 'hagit', 'greilsammer', 'mail@hagit-dance.com', 21, NULL),
(1187, 'Tanja', 'Rohn', 'gracesguitar@yahoo.ca', 7, NULL),
(1188, 'Katie', 'Silcox', 'jesseespain@yahoo.com', 37, NULL),
(1189, 'tjark', 'dreamer', 'tjark_the_dreamer@yahoo.de', 15, NULL),
(1190, 'Dorli', 'Dillon', 'd_principesa28@hotmail.com', 21, NULL),
(1191, 'Magnus', 'Schjoldan', 'magnusschjoldan@hotmail.com', 12, NULL),
(1192, 'Kate', 'Ball', 'kdball@uoregon.edu', 43, NULL),
(1193, 'barbaarajo', 'roberts', 'barbarajo@barbarajo.com', 43, NULL),
(1194, 'keng', 'owlarn', 'keng1957@gmail.com', 40, NULL),
(1195, 'Jay', 'Parmar', 'jay2par@rediffmail.com', 19, NULL),
(1196, 'Mark', 'Sawyer', 'msawteach@hotmail.com', 43, NULL),
(1197, 'PIPATTRA', 'THEERATHEP', 'PIPATTRA@ASIAPLUS.CO.TH', 40, NULL),
(1198, 'MIRJAM', 'VISSER', 'MIRJAMV2003@YAHOO.CO.UK', 27, NULL),
(1199, 'Ellen', 'Joseph', 'raquel8@comcast.net', 43, NULL),
(1201, 'Miel', 'Steele', 'bigmocha@hotmail.com', 43, NULL),
(1202, 'maxie', 'piper', 'maxie.piper@berlin.de', 15, NULL),
(1203, 'L.', 'Harder', 'lrharder@hotmail.com', 7, NULL),
(1204, 'gur', 'azikri', 'gurazikri@hotmail.com', 21, NULL),
(1205, 'mihai', 'iancu', 'mihai@ngnpath.com', 7, NULL),
(1206, 'Thsita', 'Deepatarakul', 'siriporn_deep@yahoo.com', 40, NULL),
(1207, 'Chris', 'French', 'chris@seafrench.com', 43, NULL),
(1208, 'Puchit', 'Sariddi', 'bobbyhit@yahoo.co.jp', 40, NULL),
(1209, 'Cathy', 'Law', 'the_yogaroom@yahoo.co.uk', 42, NULL),
(1210, 'kayo', 'umeda', 'k-umeda@phangan-traveler.com', 23, NULL),
(1211, 'Antonella', 'Penco Salvi', 'antonella.pencosalvi@fastwebnet.it', 22, NULL),
(1212, 'Ayman', 'Alabadleh', 'ennas_m3aden@yahoo.com', 100, NULL),
(1213, 'ewa', 'bowtruczuk', 'ewa.bowtruczuk@aster.pl', 31, NULL),
(1214, 'Greg', 'Nunn', 'gregnunn@chariot.net.au', 2, NULL),
(1215, 'Mario', 'Perez Naveda', 'maiop@yahoo.com', 1, NULL),
(1216, 'Chris', 'Richard-Jones', 'rigel@orange.net', 42, NULL),
(1217, 'ylvy', 'vaanholt', 'ylvyv@hotmail.com', 27, NULL),
(1218, 'Laura', 'Burrows', 'ljaburrows@hotmail.com', 7, NULL),
(1219, 'Inge', 'Felet', 'ingefelet@yahoo.com', 40, NULL),
(1220, 'nadia', 'rossetti', 'nadialoveslife@hotmail.com', 42, NULL),
(1221, 'Kristine', 'Burden', 'krisburden@yahoo.com', 7, NULL),
(1222, 'Ioanna - Theodoti', 'Tziatzopoulou', 'jo_bliss@hotmail.com', 16, '1959-04-27 00:00:00'),
(1223, 'Natasha', 'Mercorio', 'natashamercorio@gmail.com', 36, '1975-09-24 00:00:00'),
(1224, 'Karen', 'Cuthbert', 'Karen.Cuthbert@edmonton.ca', 7, NULL),
(1225, 'Judith', 'Lackas', 'jubila@gmx.net', 15, NULL),
(1226, 'Isabell', 'diehm', 'isabell.diehm@gmx.ch', 39, NULL),
(1227, 'claire', 'everett', 'caeverett@hotmail.com', 42, NULL),
(1228, 'samual', 'wade', 'samualwade@gmail.com', 19, NULL),
(1229, 'lalit', 'bhardwaj', 'lbhardwaj@hotmail.com', 19, NULL),
(1230, 'Camilla', 'Hellberg', 'millahellberg@yahoo.com', 13, NULL),
(1231, 'Kenneth', 'Gill', 'slowballkg@aol.com', 15, NULL),
(1233, 'katja', '-', 'catch_katja@yahoo.de', 15, NULL),
(1234, 'Haris', 'Klonaris', 'hkonaris@hotmail.com', 16, NULL),
(1235, 'Stella', 'Stathi', 'stella@stathis.gr', 16, NULL),
(1236, 'hila', 'moris', 'hila@mccanndigital.co.il', 21, NULL),
(1237, 'peter', 'meier', 'siamtravel@gmx.ch', 39, NULL),
(1238, 'Judith', 'Lackas', 'judithia234@yahoo.com', 15, NULL),
(1239, 'stefan', 'grigoriu', 'stef@budlight.com', 33, NULL),
(1240, 'Rapeeporn', 'Yaicharoen', 'mtryc@hotmail.com', 40, NULL),
(1241, 'kristof', 'Nowodworski', 'omkaramakara@yahoo.ca', 7, NULL),
(1243, 'Dean (Kala Natha)', 'Creedy', 'kala@elementsofhealth.com.au', 2, NULL),
(1244, 'Robin', 'Bachor', 'shareculture@yahoo.com', 43, NULL),
(1245, 'misja', 'vermeulen', 'sitarmagic@gmail.com', 27, NULL),
(1246, 'Andrea', 'Borbolla', 'andreaborbolla@yahoo.com', 26, NULL),
(1247, 'toni', 'kofler', 'anton.kofler@osb-i.com', 3, NULL),
(1248, 'mario', 'torres', 'Mario.Nicholas@gmail.com', 43, NULL),
(1249, 'Cissy', 'Coenraad', 'indiacis@gmail.com', 27, NULL),
(1250, 'Ingrid', 'Falch', 'Ingrid_Falch@hotmail.com', 12, NULL),
(1251, 'Paula', 'Vidovich', 'dragongirl0206@hotmail.com', 42, NULL),
(1252, 'luiza', 'ionela', 'sambala1082000@yahoo.com', 39, NULL),
(1253, 'veronica', 'davila', 'vera@veronicadavila.com', 43, NULL),
(1254, 'catherine', 'lanyon', 'karmacath@yahoo.com', 2, NULL),
(1255, 'Laura', 'Clavadetscher', 'laura.clavadetscher@mymail.ch', 39, NULL),
(1256, 'Yuli', 'Ziv', 'yuliziv@gmail.com', 43, NULL),
(1257, 'Dhyan', 'Pavitra', 'rachaela7@yahoo.com', 33, NULL),
(1258, 'Bernard', 'Enders', 'bernard.enders@hotmail.co.uk', 42, NULL),
(1259, 'Elena', 'Wheeler', 'wheedl@yahoo.com', 43, NULL),
(1260, 'Leana', 'Randol', 'lnaczynski@hotmail.com', 43, NULL),
(1743, 'Alexandru', 'Frumosu', 'experto_credite@yahoo.com', 33, NULL),
(1262, 'Laurent', 'Maillard', 'bounnykine@yahoo.fr', 14, NULL),
(1263, 'Caramalac', 'Lorens', 'lorens4_u@yahoo.com', 33, NULL),
(1272, 'Paul', 'Griffith', 'paulludgriffith@hotmail.com', 42, NULL),
(1273, 'Ted', 'McConaghy', 'txted2002@yahoo.com', 43, NULL),
(1274, 'Matthew', 'Nagel', 'nagel.matt@gmail.com', 28, NULL),
(1275, 'Vanessa', 'Beauchamp', 'vanooski@yahoo.com.au', 2, NULL),
(1276, 'Doris', 'C', 'dorisuca@yahoo.com', 33, NULL),
(1277, 'SarahFawn', 'Wilson', 'serraphon@msn.com', 43, NULL),
(1278, 'LInda', 'Tisue', 'haveatisue@yahoo.com', 43, NULL),
(1279, 'ENA', 'MONTELEONE', 'ena1796@yahoo.ca', 7, NULL),
(1280, 'Joanna', 'Ayres', 'jomunkie@aol.com', 42, NULL),
(1281, 'Chris', 'Tucker', 'christucker999@hotmail.com', 7, NULL),
(1282, 'Adam', 'Sealey', 'siddartha069@yahoo.com', 7, '1967-09-26 00:00:00'),
(1283, 'Dominique', 'Sy', 'light_of_the_soul25@yahoo.ca', 7, NULL),
(1284, 'Mark', 'Brettell', 'sunlion8@gmail.com', 2, NULL),
(1971, 'Clair', 'Aruaudy', 'weane_some_yogurt@hotmail.com', 42, NULL),
(1286, 'Hannah', 'Trosbjerg', 'hannahtr@webspeed.dk', 12, NULL),
(1287, 'Rebekka', 'Walker', 'rebekkawalker@gmail.com', 7, NULL),
(1288, 'Daniel', 'Mirecki', 'mirecki@telus.net', 7, NULL),
(1289, 'Hiromi', 'Ogura', 'hirohirogu@hotmail.com', 7, NULL),
(1290, 'Montana', 'King', 'montanaking@hotmail.com', 7, NULL),
(1291, 'Thom', '', 'skythom@hotmail.com', 7, NULL),
(1292, 'Nousha', 'Behbahanian', 'nousha@shaw.ca', 7, NULL),
(1293, 'Shahram', '', 'shahram@smartt.com', 7, NULL),
(1294, 'Lyndsay', 'Spencer', 'lyndspencer76@hotmail.com', 7, NULL),
(1295, 'Renne', 'Hooper', 'rdhooper@yahoo.ca', 7, NULL),
(1296, 'Kate', 'Ramsey', 'kaychee@gmail.com', 43, '1977-01-17 00:00:00'),
(1297, 'Tempel', 'Smith', 'tempels@gmail.com', 43, '1967-09-10 00:00:00'),
(1298, 'Carlos', 'Ceballos', 'carlos.ceballos@gmail.com', 43, '1976-02-20 00:00:00'),
(1299, 'Joe', 'Exterovich', 'joexsf@gmail.com', 43, '1949-03-01 00:00:00'),
(1300, 'Jennie', 'Anderson', 'jennie_lee_anderson@hotmail.com', 43, '1968-11-11 00:00:00'),
(1301, 'Kevin', 'Gottesman', 'kevin@donordigital.com', 43, '1964-04-16 00:00:00'),
(1302, 'Olga', 'Aura', 'themovingbody@yahoo.com', 43, '1980-08-31 00:00:00'),
(1303, 'Tanja', 'Schmidt', 'tanjarj@terra.com.br', 1, NULL),
(1304, 'Vladi', 'Aura', 'vladiaura@yahoo.com', 43, '1972-05-26 00:00:00'),
(1305, 'Allyson', 'Klein', 'allysonsta@yahoo.com', 43, '1974-07-15 00:00:00'),
(1306, 'Tiger and Barbara', 'Shapray', 'sailing33@sbcglobal.net', 43, '1963-03-12 00:00:00'),
(1307, 'Tantra', 'Bensko', 'flameflower@runbox.com', 43, '1958-11-29 00:00:00'),
(1308, 'Annie', 'Robertson', 'arober@qwest.net', 43, NULL),
(1309, 'Rebecca', 'McDonald', 'jmcd@nwlink.com', 43, NULL),
(1310, 'Donna', 'Hanser', 'donna.shamanana@gmail.com', 43, NULL),
(1539, 'david', 'ryan', 'jokin@xtra.co.nz', 28, NULL),
(1312, 'Angela', 'Lucas', 'lightworking@gmail.com', 43, '1979-01-22 00:00:00'),
(1313, 'Thomas', 'Legg', 'tomlegg@spiritone.com', 43, NULL),
(1314, 'Elina', 'Zimmerman', 'elinazimmerman@gmail.com', 43, NULL),
(1714, 'lisa', 'pollock', 'holisticlisa27@hotmail.com', 42, NULL),
(1316, 'Ali', 'Jackiw', 'ali_jackiw@yahoo.com', 43, '1982-07-11 00:00:00'),
(1317, 'Steve', 'Bennett', 'steve@climbatree.com', 43, '1954-04-21 00:00:00'),
(1318, 'Kundalini', 'Bennett', 'kundalini@climbatree.com', 43, '1963-05-08 00:00:00'),
(1319, 'Regina', 'LaRocca', 'regconnection@yahoo.com', 43, '1964-05-15 00:00:00'),
(1320, 'Gregorio', 'Acuna', 'kayuamari@yahoo.com', 43, '1965-09-11 00:00:00'),
(1321, 'Ashanti', 'Stearns', 'shanti330@yahoo.com', 43, '1965-11-06 00:00:00'),
(1322, 'Yvonne', 'Washington', 'zitayw@yahoo.com', 43, '1946-04-10 00:00:00'),
(1323, 'Noelani', 'Rodriguez', 'noelani_rodriguez@yahoo.com', 43, '1962-09-18 00:00:00'),
(1324, 'Alina', 'Smolyansky', 'lorrenca@hotmail.com', 7, NULL),
(1325, 'Mark', 'Woodside', 'mwoodside@telus.net', 7, NULL),
(1326, 'Shakti', 'Mhi', 'shakti@pranayoga.com', 7, '1963-03-01 00:00:00'),
(1327, 'Farrah', '', 'divineliving22@hotmail.com', 7, NULL),
(1328, 'Lise', 'Charriere', 'lisepc@telus.net', 7, NULL),
(1329, 'Chrystal', 'Chantel', 'daybreakgolden@yahoo.com', 7, NULL),
(1330, 'Omid', 'Tawaskel', 'omidt@shaw.ca', 7, NULL),
(1331, 'Frances', 'Dodsworth', 'fdodsworth@shaw.ca', 7, NULL),
(1332, 'Tammy', 'Muller', 'tammyplanet@canoemail.com', 7, '1967-06-11 00:00:00'),
(1333, 'Kim', 'Claggett', 'kimberc@iname.com', 7, NULL),
(1334, 'Jeff', 'Wilson', 'jeffrey@gmail.com', 7, '1978-03-22 00:00:00'),
(1335, 'Brenda', 'Anderson', 'brendala@gmail.com', 7, '1978-04-19 00:00:00'),
(1336, 'Carlos and Gail', 'Cohen', 'carloscohen@sympatico.ca', 7, '1942-01-06 00:00:00'),
(1337, 'Andrew', 'Salkeld', 'salkeldandrew@msn.com', 7, '1940-06-14 00:00:00'),
(1338, 'Rachel', 'Knight', 'rachellee111@yahoo.ca', 7, '1976-11-06 00:00:00'),
(1339, 'Brenda and Warren', 'Reishus', 'warrenbrenda@nexicom.net', 7, '1940-07-09 00:00:00'),
(1340, 'Shiri', 'Joshua', 'shirij@rogers.com', 7, NULL),
(1341, 'Andrei and Victoria', 'Ivanov', 'victoria.ivanoff@sympatico.ca', 7, NULL),
(1342, 'Joey', 'Schooly', 'joey.schooley@sympatico.ca', 7, NULL),
(1343, 'Guylaine', 'Lanthier', 'guylaineyoga@sympatico.ca', 7, NULL),
(1344, 'Shelley', 'Tran', 'shelleytran@yahoo.com', 7, NULL),
(1345, 'Louise', 'Edwards', 'kalyaniedwards@hotmail.com', 7, NULL),
(1346, 'Linda', 'Tomasone', 'ltomasone@yahoo.com', 7, NULL),
(1347, 'Yogi', '', 'carmelaesthetics@rogers.com', 7, NULL),
(1348, 'Claude', 'Pierrette', 'kenypierrette@hotmail.com', 7, NULL),
(1349, 'Nina', 'Prodywus', 'nina.prodywus@gmail.com', 7, NULL),
(1350, 'Peggy and Alan', 'Williams', 'pegalwill@sympatico.ca', 7, NULL),
(1351, 'Mayur', 'Patel', 'alchemic2002@hotmail.com', 7, NULL),
(1352, 'Shushma', 'Patel', 'ucrainbow@hotmail.com', 7, NULL),
(1353, 'Stephen', 'Sutherland', 'sjs@on.aibn.com', 7, NULL),
(1354, 'Cindy', 'Boyer', 'cindy.boyer@sympatico.ca', 7, NULL),
(1355, 'Christina', 'Branco', 'kingstonpsychotherapist@sympatico.ca', 7, '1965-02-07 00:00:00'),
(1356, 'Tanya', 'Harrington', 'tanyapants71@hotmail.com', 7, '1971-12-19 00:00:00'),
(1357, 'Andre', 'Lepine', 'alepine@premiermarketing.ca', 7, '1961-05-19 00:00:00'),
(1358, 'Gregory and Sally', 'Ward and Thurlow', 'glaslyn@sympatico.ca', 7, NULL),
(1359, 'Katrin', 'Itten', 'katrinjj@yahoo.ca', 7, '1975-04-23 00:00:00'),
(1360, 'Trish', 'Ottone', 'trish_ottone@hotmail.com', 7, '1968-06-20 00:00:00'),
(1361, 'Michele', 'Mihalik', 'michele@energyshop.com', 7, '1961-02-18 00:00:00'),
(1362, 'Jody', 'Nassr', 'jlnassr@sympatico.ca', 7, '1959-10-22 00:00:00'),
(1363, 'Devora', 'de Jonge', 'info@dejongeguitars.com', 7, '1956-03-25 00:00:00'),
(1364, 'Janice', 'Robertson', 'jlrobertson@hpedsb.on.ca', 7, '1971-06-30 00:00:00'),
(1365, 'Danielle', 'Delannoy', 'danielle_delannoy@federatedpress.com', 7, '1977-10-07 00:00:00'),
(1366, 'Gikha', 'Delannoy', 'gdelannoy@trebnet.com', 7, '1951-05-26 00:00:00'),
(1367, 'Andrea', 'Timar', 'andreatimar1@rogers.com', 7, '1962-11-17 00:00:00'),
(1368, 'Margarita', 'Kaschenko', 'terjupi@hotmail.com', 7, '1961-12-11 00:00:00'),
(1369, 'Margaret', 'Hill', 'mehem-@hotmail.com', 7, '1952-08-22 00:00:00'),
(1370, 'Elaine', 'Knight', 'lata_knight@yahoo.ca', 7, '1956-08-09 00:00:00'),
(1371, 'Carolyn and Jim', 'Bossi and Rowland', 'jimylcan@hotmail.com', 7, NULL),
(1372, 'Ted and Nancy', 'Helps and Carter-Helps', 'prestige@eagle.ca', 7, '1964-05-26 00:00:00'),
(1373, 'Arden', 'Scott', 'aquamomma@hotmail.com', 7, '1954-01-01 00:00:00'),
(1374, 'Anna and Boris', 'Gernega', 'h_gernega@hotmail.com', 7, '1968-09-20 00:00:00'),
(1375, 'Luke', 'Benard', 'luke.benard@gmail.com', 7, NULL),
(1376, 'Eric', 'Butz', 'drbutz@sympatico.ca', 7, NULL),
(1377, 'Marius', 'Negrau', 'm21w@yahoo.com', 7, '1959-03-02 00:00:00'),
(1378, 'Graham', 'Vincent', 'gvincent@provis.ca', 7, '1960-10-12 00:00:00'),
(1379, 'Tina', 'Bishai', 'bishai@rogers.com', 7, '1970-11-30 00:00:00'),
(1380, 'Laurel', 'Wichman', 'laurel.wichman@gm.com', 7, '1951-05-06 00:00:00'),
(1381, 'Corina', 'Crawley', 'corina.crawley@gmail.com', 7, '1975-01-29 00:00:00'),
(1382, 'Mikhail', 'Ioffe', 'mikhail.ioffe@gmail.com', 7, NULL),
(1383, 'Josen', 'Kalra', 'josenk@gmail.com', 43, NULL),
(1384, 'mihalis', 'vrettas', 'www.babyluck77@hotmail.com', 16, NULL),
(1385, 'Claud', 'Vaduva', 'c_vaduva@yahoo.com', 43, NULL),
(1388, 'petra', 'becker', 'petrabecker36@web.de', 15, NULL),
(1389, 'simon', 'robinson', 'true_reality2002@yahoo.co.uk', 42, NULL),
(1713, 'va', 'Rsch', 'evaresch@freemail.hu', 17, NULL),
(1391, 'Rainer', 'Gasser', 'rainergasser@gmx.at', 3, NULL),
(1392, 'cosmin', 'spiridon', 'cosminspiridon@hotmail.com', 43, NULL),
(1393, 'Monique', 'Brochet', 'infinimo@lagoon.nc', 14, NULL),
(1394, 'Kirsten', 'Matthews', 'kirstenslostit@hotmail.com', 42, NULL),
(1395, 'Brenda', 'Lee', 'brendalee04@comcast.net', 43, NULL),
(1396, 'Robert', 'Davis', 'rdavis1962@msn.com', 43, NULL),
(1397, 'Jeff and Dolly', 'Heywood', 'jeffdolly@comcast.net', 43, NULL),
(1398, 'Ted and Nancy', 'Baruch', 'ted@baruchandco.com', 43, NULL),
(1399, 'Susan', 'Carlson', 'susanacarlson@msn.com', 43, NULL),
(1400, 'Paul', 'Fuess', 'pfuess@aol.com', 43, NULL),
(1401, 'graham', 'pilgrim', 'grahampilgrim@hotmail.com', 42, NULL),
(1402, 'Ian', 'Woodmansey', 'ian_woodmansey@yahoo.com', 42, NULL),
(1403, 'anthony', 'carruthers', 'Anthony_carruthers@hotmail.com', 28, NULL),
(1404, 'kaka', 'li', 'bekaka@hotmail.com', 8, NULL),
(1405, 'Cathal', 'McCarron', 'cathalmc@hotmail.com', 42, NULL),
(1406, 'Sophie Jane', 'Mortimer', 'sophiejanemortimer@yahoo.co.uk', 42, NULL),
(1407, 'george', 'tentomas', 'g_tentomas@yahoo.gr', 16, NULL),
(1408, 'Derek', 'Singh', 'drk_singh@yahoo.com', 43, NULL),
(1409, 'judy', 'alexander', 'letstryyoga@yahoo.co.uk', 42, NULL),
(1410, 'Tessa', 'Pisani', 'yogamalta@gmail.com', 101, NULL),
(1411, 'Eija and Henri', 'Lapinleimu', 'henri@wimma.com', 40, NULL),
(1412, 'Hiten', 'Shah', 'hitenunjha@gmail.com', 19, NULL),
(1413, 'MARCO VINICIO', 'CASTILLO ALVARADO', 'squarepants210@yahoo.com', 26, NULL),
(1414, 'Ronan', 'Gilligan', 'gilli.amu@gmail.com', 20, NULL),
(1415, 'Satish', 'R', 'em.satish@gmail.com', 19, NULL),
(1416, 'Michelle', 'Mota-Bogle', 'michelle.bogle@gmail.com', 7, NULL),
(1417, 'Maria', 'Ohrwall', 'mariaohrwall@yahoo.co.uk', 42, NULL),
(1418, 'Tracy', 'Davies', 'tracydavies@postmaster.co.uk', 42, NULL),
(1419, 'Deborah', 'Ford', 'fjords@freezone.co.uk', 42, NULL),
(1420, 'Adeola', 'Dewis', 'arteola@tiscali.co.uk', 42, NULL),
(1421, 'Eleesha', 'Drennan', 'avocadtoes@yahoo.com', 42, NULL),
(1422, 'Suzi', 'Dorey', 'design@suzidorey.com', 42, NULL),
(1572, 'Adolfo Rafael', 'Aizpun Fernandez', 'nupzia@hotmail.com', 37, '1966-01-31 00:00:00'),
(1424, 'Rachel', 'Pereira', 'aeon89@hotmail.com', 42, NULL),
(1425, 'Charlene', 'Deck', 'charlenedeck@yahoo.com', 7, NULL),
(1426, 'Stephanie', 'Tate', 'setate@talk21.com', 42, NULL),
(1427, 'Frank', 'Ragonese', 'frankragonese2@yahoo.com.au', 2, NULL),
(1428, 'Eric', 'Brandt', 'catsetsail@yahoo.com', 43, NULL),
(1429, 'Noelle', 'Suwa-Christie', 'udpallablue@hotmail.com', 23, NULL),
(1430, 'Virginie', 'Noel', 'virg.noel@gmail.com', 4, NULL),
(1708, 'julien', 'michel', 'jujumich@hotmail.com', 14, NULL),
(1432, 'Anne', 'Splettstoesser', 'zoe7@gmx.de', 15, NULL),
(1433, 'Sara', 'Alavi', 'alavi_sara@hotmail.com', 42, NULL),
(1434, 'Hila', 'Moris', 'hila.m@euro4d.co.il', 21, NULL),
(1435, 'Satya Veronica', 'Granberg', 'togdenmaa@yahoo.se', 38, NULL),
(1436, 'Stefan', 'Cunnington', 'stefancunnington@yahoo.co.uk', 42, NULL),
(1437, 'Karen', 'Williams', 'kjwilliams6@hotmail.com', 42, NULL),
(1438, 'Adrian', 'Box', 'diamond1033@hotmail.com', 42, NULL),
(1439, 'Mellissa', 'Warren', 'mellissa_warren@hotmail.com', 42, '1978-02-24 00:00:00'),
(1440, 'Taru', 'Jussila', 'taru@talktalk.net', 42, NULL),
(1441, 'Emma', 'Strutt', 'emmsicle@hotmail.com', 2, '1988-07-19 00:00:00'),
(1442, 'lirit', 'klein', 'liritklein@yahoo.com', 21, '1981-10-20 00:00:00'),
(1443, 'Jo', 'Johnston', 'jojohnston9@blueyonder.co.uk', 42, NULL),
(1444, 'Julia', '', 'julypeti@hotmail.com', 42, NULL),
(1445, 'Kylie', 'McGregor', 'iamkyliem@hotmail.com', 42, NULL),
(1446, 'Gabrielle', 'Earls', 'gabrielle149@yahoo.com', 2, NULL),
(1447, 'Gill', 'Bleasdale', 'timandgill@googlemail.com', 42, NULL),
(1448, 'alix', 'robledo', 'alixscuba@yahoo.com', 43, NULL),
(1449, 'Amber', 'Ward', 'wardamber@hotmail.com', 42, '1979-12-09 00:00:00'),
(1450, 'Ananchai', 'Sengyai', 'km_kilgore@yahoo.co.uk', 40, '1976-08-27 00:00:00'),
(1451, 'Andrew', 'Shafer', 'drew.shafer@yahoo.com', 43, '1977-06-12 00:00:00'),
(1452, 'Ashanti', 'Stearns', 'flaminghearttantra@yahoo.com', 43, '1967-11-06 00:00:00'),
(1453, 'Ashley', 'Apple', 'ashleyapplelove@hotmail.com', 43, '1978-05-10 00:00:00'),
(1454, 'Colleen', 'Mathieu', 'sco2bd2@hotmail.com', 43, '1980-11-11 00:00:00'),
(1455, 'Chance', 'Connelly', 'chance.connelly@gmail.com', 43, '1984-04-12 00:00:00'),
(1456, 'Clare', 'O''Gorman', 'ogormanclare@hotmail.com', 20, '1981-02-13 00:00:00'),
(1457, 'Clare', 'Tailor', 'claret1982@hotmail.com', 42, '1982-01-24 00:00:00'),
(1458, 'Cindy', 'Brooks', 'cindy2roc@myway.com', 7, NULL),
(1459, 'Claudio', 'Caselli', 'c.caselli@gmx.net', 15, '1943-08-28 00:00:00'),
(1460, 'Consuelo Marie', 'De Guambana', 'consuelomarie@yahoo.com', 43, NULL),
(1461, 'Craig', 'Johnson', 'mmmoksha@hotmail.com', 100, '1961-11-10 00:00:00'),
(1462, 'Dafna', 'Dillon', 'dafna107@hotmail.com', 21, '1972-04-09 00:00:00'),
(1463, 'David', 'McMurtry', 'dmcmurtry@hotmail.com', 43, '1979-03-03 00:00:00'),
(1464, 'Eyal', 'Matsljah', 'eyalnow@yahoo.com', 21, '1975-04-14 00:00:00'),
(1465, 'Elan', 'Frenkel', 'elan.frenkel@gmail.com', 21, '1975-12-14 00:00:00'),
(1466, 'Emalese', 'Russell', 'billydancer@yahoo.com.au', 2, '1978-12-22 00:00:00'),
(1467, 'Evi', 'Kasseroler', 'evi@hotel-adler.com', 22, '1979-08-16 00:00:00'),
(1468, 'Frida', 'Kolasa', 'frida_kolasa@hotmail.com', 1, '1981-03-19 00:00:00'),
(1469, 'Ivon', 'Vives Paracuellos', 'ivonvives@hotmail.com', 37, '1974-10-25 00:00:00'),
(1470, 'Jacqui', 'Kelly', 'yoginijacqui@gmail.com', 20, '1969-05-06 00:00:00'),
(1471, 'Jason', 'Weber', 'thesonofja@yahoo.com', 43, NULL),
(1472, 'Jessica', 'Bosch', 'jessbosch@gmail.com', 43, NULL),
(1473, 'Jonnen', 'Viljanen', 'jonnen-jahuu@yahoo.com', 13, NULL),
(1474, 'Joy', 'Frederick', 'joyfrederick@hotmail.com', 42, '1962-11-05 00:00:00'),
(1475, 'Kaleigh', 'Sainthill', 'ksainthill@gmail.com', 7, '1960-11-27 00:00:00'),
(1476, 'Katrina', 'Pollock', 'katypollock@gmail.com', 7, '1985-11-27 00:00:00'),
(1477, 'Kieran', 'Fox', 'kieranfox@mac.com', 7, '1984-03-07 00:00:00'),
(1478, 'Lana', 'Christenson', 'playmuse@gmail.com', 7, '1976-03-12 00:00:00'),
(1479, 'Lara', 'Snel', 'lara-sneldzumhur@hotmail.com', 27, '1979-12-19 00:00:00'),
(1480, 'Lonny', 'Knapp', 'lonnyknapp@gmail.com', 7, '1974-05-06 00:00:00'),
(1481, 'Luc', 'Breugelmans', 'lucnepal@gmail.com', 4, '1968-03-18 00:00:00'),
(1482, 'salima', 'Bentebibel', 'saliflying@gmx.net', 14, '1974-11-21 00:00:00'),
(1483, 'Maud', 'Drogi', 'mauddrogi@gmx.de', 15, '1982-03-22 00:00:00'),
(1484, 'Magda', 'Petrou', 'una_bee@hotmail.com', 43, '1970-04-10 00:00:00'),
(1485, 'Maya', 'Waldman', 'mayywa@hotmail.com', 21, '1985-04-12 00:00:00'),
(1486, 'Mandy', 'Szakacs', 'nowhere360@hotmail.com', 43, NULL),
(1487, 'Mari', 'Myllikoski', 'mylllykoski@gmail.com', 13, NULL),
(1488, 'Marit', 'Griffith', 'maritgriffith@hotmail.com', 42, '1978-10-01 00:00:00'),
(1489, 'Marianne', 'Stalder', 'mariannestalder@yahoo.de', 39, '1973-11-08 00:00:00'),
(1490, 'Mary', 'Lacuna', 'dionlacuna@hotmail.com', 7, NULL),
(1491, 'Melpo', 'Economou', 'melpo_economou@hotmail.com', 42, '1982-02-12 00:00:00'),
(1492, 'Michael', 'Sitzer', 'thaiyogaplay@care2.com', 43, '1971-12-30 00:00:00'),
(1493, 'Michal', 'Marom', 'michalmarom@yahoo.com', 21, '1974-10-10 00:00:00'),
(1494, 'Michele', 'Carobolante', 'titomichelecaro@yahoo.com', 22, '1949-12-16 00:00:00'),
(1495, 'Mike', 'Altmann', 'furrypaws240135@yahoo.co.un', 21, '1937-01-20 00:00:00'),
(1496, 'Miriam', 'Berger', 'mia.berger@gmx.de', 15, '1981-05-30 00:00:00'),
(1497, 'Mirjam', 'Visser', 'mirjam2003@yahoo.co.uk', 27, NULL),
(1498, 'Naomi', 'Gibb', 'sirimukh@gmail.com', 28, '1976-04-17 00:00:00'),
(1499, 'Natasha', 'Gooden', 'natashagooden@hotmail.co.uk', 42, NULL),
(1500, 'Nicole', 'Kugler', 'n.kugler@gmx.ch', 39, '1981-10-14 00:00:00'),
(1501, 'Olivia', 'Scanlon', 'lidd@hotmail.com', 2, '1978-11-27 00:00:00'),
(1502, 'Nam', 'Ben-Michael', 'troublegowat@hotmail.com', 21, '1972-04-29 00:00:00'),
(1503, 'Patrick', 'St.Amant', 'imcrxption42@hotmail.com', 7, NULL),
(1504, 'Alp', 'Eksioglu', 'qoeksioglu@hotmail.com', 41, '1967-10-31 00:00:00'),
(1505, 'Raymond', 'Ben Khalifa', 'mfsb47@hotmail.com', 14, '1959-03-13 00:00:00'),
(1506, 'Robert', 'Vnaderlugt', 'robvanderlugt@yahoo.com', 43, '1966-04-21 00:00:00'),
(1507, 'Robin', 'Hutchins', 'robin.hutchins@gmail.com', 43, '1985-08-13 00:00:00'),
(1508, 'Samuel', 'Gyger', 'samuel.gyger@gmx.ch', 39, '1978-10-09 00:00:00'),
(1509, 'Sanja', 'Malogajski', 'sanja.malogajski@bluewin.ch', 39, '1980-12-15 00:00:00'),
(1510, 'Sara', 'Stecher', 'sara.stecher@bluewin.ch', 39, '1965-08-03 00:00:00'),
(1511, 'Sasson', 'Avrahami', 'sasson.avrahami@gmail.com', 21, '1975-10-31 00:00:00'),
(1512, 'Scarlett', 'Mchigan', 'dynamicyogaworks@yahoo.co.uk', 42, NULL),
(1513, 'Siegfried', 'Renzler', 'sigreny@hotmail.com', 1, NULL),
(1514, 'Susan', 'Hammond', 'susiereg@yahoo.com', 43, '1970-04-03 00:00:00'),
(1515, 'Tamara', 'Maerschalck', 'tamaranepal@hotmail.com', 4, '1972-04-11 00:00:00'),
(1516, 'Teresia', 'Harju', 'hankihenkselit@jippii.fi', 13, '1974-08-19 00:00:00'),
(1517, 'Thomas', 'Le Goulven', 'tangothom@gmail.com', 14, '1977-06-08 00:00:00'),
(1518, 'Tiffany', 'Patrella', 'tp191195@hotmail.com', 43, '1978-02-03 00:00:00'),
(1519, 'Virginia', 'Acevedo', 'lunaentonada@gmail.com', 22, '1981-05-12 00:00:00'),
(1520, 'Vulka', 'Hinzer', 'vulka.h@web.de', 15, '1971-01-13 00:00:00'),
(1521, 'Yvonne', 'Elbers', 'yvonne.elbers@gmx.de', 15, '1984-06-24 00:00:00'),
(1522, 'Yann-Gregoire', 'Chassaing', 'jhannyang@hotmail.com', 14, '1978-11-23 00:00:00'),
(1523, 'Zoe', 'Parker', 'zoe70leeds@yahoo.co.uk', 42, '1970-06-09 00:00:00'),
(1524, 'testing', 'tests', 'testss@yahoo.com', 1, NULL),
(1525, 'Elisabeth', 'stgaard', 'elisaost@online.no', 29, NULL),
(1526, 'Melanie', 'Lord', 'melanie.lord@swoxon-pcp.nhs.uk', 42, NULL),
(1527, 'Pam', 'Moffatt', 'pammoffatt@hotmail.com', 42, NULL),
(1528, 'Nick', 'Otten', 'nick@otten.co.uk', 42, NULL),
(1529, 'Angela', 'Gallagher', 'angelagallagher622000@yahoo.co.uk', 42, NULL),
(1530, 'Brittney', 'Stanford', 'luvboatcaptain10@aol.com', 43, NULL),
(1531, 'Bhawna', 'Gesota', 'bhawna1@yahoo.com', 19, NULL),
(1532, 'Camille', 'RIVIERE', 'camilleriviere@yahoo.fr', 14, NULL),
(1533, 'Nadia', '', 'karliencol@hotmail.com', 100, NULL),
(1534, 'Bill', 'Moran', 'bill@blueskyglobal.biz', 42, '1969-05-13 00:00:00'),
(1535, 'verity', 'bligh', 'veritybligh@hotmail.com', 2, NULL),
(1536, 'Daya', 'Nelson', 'zyotich@hotmail.com', 100, NULL),
(1541, 'Carmen', 'Olariu', 'carmenolariu@hotmail.com', 33, NULL),
(1542, 'axya', 'niemeijer', 'axya108@yahoo.com', 27, NULL),
(1543, 'Kira', 'Zaremba', 'kisku@gmail.ru', 34, NULL),
(1546, 'test', 'test', 'test@test.com', 7, NULL),
(1547, 'Ciprian', 'Porumb', 'ciprianpo@yahoo.com', 33, NULL),
(1548, 'Eva', 'Gal', 'egalocs@gmail.com', 17, NULL),
(1549, 'Emily', 'FArkas', 'emmy_ghb@yahoo.com', 43, NULL),
(1550, 'anna-lea', 'guarisco', 'annalea@vtxmail.ch', 39, NULL),
(1551, 'Andronicus', 'Torp', 'andronicus@natha.dk', 12, NULL),
(1552, 'vijay', 'tiwari', 'vijaytiwariji@yahoo.co.in', 19, NULL),
(1553, 'cristina', 'petrea', 'saktiwoman@yahoo.com', 12, NULL),
(1554, 'franca', 'bucciarelli', 'ucci2003@libero.it', 22, NULL),
(1555, 'Annkathrin', 'Merk', 'Annkathrin_merk@yahoo.de', 15, NULL),
(1557, 'brian', 'dickson', 'dickson_brian@hotmail.com', 7, '1985-02-01 00:00:00'),
(1558, 'Max', 'Stadler', 'max_stadler@hotmail.com', 39, '1974-06-26 00:00:00'),
(1559, 'Emilie', 'Piette', 'emiliepiette@hotmail.com', 14, '1979-11-04 00:00:00'),
(1560, 'Ioana', 'Armiano', 'info@ioanaarmiano.com', 38, '1967-01-17 00:00:00'),
(1561, 'Lara', 'Snel', 'Lara_sneldzumhur@hotmail.com', 27, '1979-12-19 00:00:00'),
(1562, 'Ovadya', 'Nahayesi', 'vedog0210@yahoo.com', 21, '1979-07-24 00:00:00'),
(1563, 'Stefani', 'Chan', 'escommunications@rogers.com', 7, '1974-09-04 00:00:00'),
(1564, 'Andrea', 'Kalmar', 'andreakalmar@gmail.com', 17, '1973-01-23 00:00:00'),
(1565, 'Sofi', 'Kunzlmann', 'sofiekunzulmann@gmx.de', 15, '1982-08-19 00:00:00'),
(1566, 'Monika', 'Reimann', 'monireimann@hotmail.com', 39, '1973-11-08 00:00:00'),
(1567, 'Xian Alana', 'Comi Kocing', 'nancybreck@yahoo.com', 43, '1971-09-17 00:00:00'),
(1568, 'Hubert', 'Huot', 'ecofinishes@yahoo.com.au', 2, '1968-11-12 00:00:00'),
(1569, 'Jeremy', 'Belzer', 'invisiblenation@gmail.com', 43, '1979-12-20 00:00:00'),
(1570, 'Marie-Louise', 'Ishack', 'marielouise001@aol.com', 42, '1967-12-15 00:00:00'),
(1571, 'Mara', 'Grandinetti', 'maanetti@hotmail.com', 22, '1980-11-12 00:00:00'),
(1573, 'Harald', 'Weichhart', 'austrianronin@gmak.com', 3, '1967-01-09 00:00:00'),
(1574, 'Victor', 'Shevtsov', 'chevtsov_v@yahoo.com', 34, '1955-03-19 00:00:00'),
(1575, 'Polymnia', 'Dagtzidou', 'polimniad@hotmail.com', 16, '1977-02-12 00:00:00'),
(1576, 'Bhawna', 'Gesota', 'bhawna_gestota@yahoo.com', 19, '1970-02-04 00:00:00'),
(1577, 'Katharina', 'Haller', 'katharina.haller@gmx.ch', 39, '1977-08-02 00:00:00'),
(1578, 'Ryuki', 'Amano', 'sakusakuchakra@hotmail.com', 23, '1979-09-27 00:00:00'),
(1579, 'Elric', 'Centers', 'elsbrico@gmail.com', 43, '1986-02-20 00:00:00'),
(1580, 'Assaf', 'Peleg', 'asfpel@yahoo.com', 21, '1979-11-13 00:00:00'),
(1581, 'Indra', 'Bose', 'indrabo@hotmail.com', 27, '1966-12-20 00:00:00'),
(1582, 'David', 'Mathews', 'curlydavemathews@yahoo.com', 20, '1978-12-31 00:00:00'),
(1583, 'Sarah', 'Elman', 'sarahelemental@googlemail.com', 42, '1966-05-31 00:00:00'),
(1584, 'Mark', 'Smith', 'markbrendonsmith@yahoo.com', 28, NULL),
(1585, 'Colin', ' Reid', 'freerheel@yahoo.com', 43, '1980-04-03 00:00:00'),
(1586, 'Lucy', 'Faulkner', 'faulknerlucy@hotmail.com', 42, '1979-03-29 00:00:00'),
(1587, 'Pinar', 'Oskaya', 'smileatmyland@yahoo.com', 41, '1967-07-30 00:00:00'),
(1588, 'Suphang', 'Sunthilanon', 'oh_pharmacist@yahoo.com', 40, '1974-02-19 00:00:00'),
(1589, 'Marius', 'Nicolaisen', 'marius_nicolaisen@yahoo.dk', 12, NULL),
(1590, 'Monika', 'Vazirani', 'monikadancer@yahoo.com', 43, NULL),
(1591, 'Marie', 'Dumas', 'merry.marie@gmail.com', 25, NULL),
(1592, 'Bodha & Henri', 'Lapinleimu', 'eija@wimma.com', 13, NULL),
(1593, 'Herbert', 'Bachinger', 'herbertb123@hotmail.com', 3, NULL),
(1594, 'Amber', 'Shewan', 'amber.shewan@mantraresorts.com.au', 2, NULL),
(1595, 'RICHARD', 'FREED', 'richfreed@hotmail.com', 42, NULL),
(1596, 'judit', 'eniko', 'judy_eniko@yahoo.com', 33, NULL),
(1597, 'Doina', 'Oprea', 'Doina.Oprea@gmail.com', 33, NULL),
(1598, 'Shaelah', 'Morris', 'shaelahc@hotmail.com', 43, NULL),
(1599, 'Erika', 'van Swieten', 'hcswieten@planet.nl', 27, NULL),
(1600, 'raluca', 'todor', 'raluca.todor@gmail.com', 33, NULL),
(1601, 'yshai', 'levi', 'levi_yshai@yahoo.com', 21, NULL),
(1602, 'jane', 'cooper', 'janey.c@xtra.co.nz', 28, NULL),
(1603, 'evelyn', 'hadican', 'evelynhadican@sympatico.ca', 7, NULL),
(1604, 'rikta', 'takicoshi', 'rikta@hotmail.co.jp', 23, NULL),
(1970, 'Paul', 'Michel', 'ojitopaul@hotmail.com', 43, NULL),
(1606, 'kevin', 'space', 'kevinspace4@hotmail.com', 42, NULL),
(1607, 'Belinda', 'Stolfa', 'belinda.stolfa@robertwalters.com.au', 2, NULL),
(1608, 'rony', 'elazar', 'roni.elazar@gmail.com', 21, NULL),
(1609, 'Isabelle', 'Kressebuch', 'isabell.kressebuch@zuerich.ch', 39, NULL),
(1610, 'elena-maria', 'marin', 'maya_maria69@yahoo.com', 33, NULL),
(1611, 'Marly', 'battenburg', 'batenburgml@gmail.com', 2, NULL),
(1613, 'Sikhar', 'Bodhi', 'cdambaliya@yahoo.ca', 19, NULL),
(1614, 'pauline', 'dantec', 'pdantec@hotmail.fr', 14, NULL),
(1615, 'Louise', 'Brown', 'louise_odette@hotmail.com', 2, NULL),
(1616, 'Claudiu', 'Trandafir', 'hamsagaruda@yahoo.com', 33, '1961-08-12 00:00:00'),
(1617, 'silvia', 'sonaggere', 'guklimt@libero.it', 19, NULL),
(1618, 'ganesh', 'krishnamurthy', 'sputy@hotmail.com', 19, NULL),
(1619, 'Bettina', 'Brenner', 'bettina.brenner@cedefop.europa.eu', 16, NULL),
(1620, 'Inger', 'Agger', 'inger.agger@gmail.com', 12, NULL),
(1621, 'surajit', 'nandi', 'surajitnandi39@yahoo.com', 19, NULL),
(1622, 'Kate', 'Brown', 'Katie_b_87@hotmail.com', 2, NULL),
(1623, 'Ballinari', 'Ramon', 'ramonballinari@gmx.ch', 39, NULL),
(1624, 'loretta', 'chardin', 'lchardin@yahoo.com', 43, NULL),
(1625, 'christina', 'devi', 'info@ompalace.com', 7, NULL),
(1626, 'Dean', 'Draper', 'dean_drpr@yahoo.com', 43, NULL),
(1627, 'Amelie', 'Bennet', 'ameliebennet@hotmail.com', 42, NULL),
(1628, 'kevin', 'bidwell', 'lightfootsunseeker@yahoo.co.uk', 42, NULL),
(1629, 'ludmilla', 'nguyenduy', 'ludmilladuy2003@yahoo.com', 14, NULL),
(1630, 'sandi', 'gale', 'saniya@rogers.com', 7, NULL),
(1631, 'Emma', 'Ryhre', 'oonistar@hotmail.com', 7, NULL),
(1632, 'Anya', 'Surya', 'anya_home@wp.pl', 31, NULL),
(1633, 'helen', 'wodetzki', 'helen.wodetzki@bigpond.com', 2, NULL),
(1634, 'kate', 'O''Brien', 'katesao@hotmail.com', 43, NULL),
(1635, 'Caroline', 'wilcock', 'wilcockcaroline@hotmail.com', 42, NULL),
(1636, 'greilsammer', 'hagit', 'hagitji@gmail.com', 21, NULL),
(1637, 'Anita', 'Dzogovic', 'klea75@hotmail.com', 43, NULL),
(1638, 'joanna', 'wilson', 'joanna.35@hotmail.co.uk', 42, NULL),
(1639, 'Norbert', 'Donelly', 'ndonelly@tervis.com', 43, NULL),
(1640, 'Marek', 'Holy', 'ewaholy_3@msn.com', 43, NULL),
(1641, 'Yael', 'Izhaki', 'sal_bas@yahoo.com', 21, NULL),
(1642, 'Ella', 'White', 'ballbellaella@yahoo.co.uk', 42, NULL),
(1643, 'Britta', 'Koehnlein', 'britta.koehnlein@gmx.de', 15, NULL),
(1644, 'Lisa', 'Yong', 'lulutklm@yahoo.com.au', 2, NULL),
(1645, 'Will', 'Pastore', 'bw6458@yahoo.com', 43, NULL),
(1646, 'ashley', 'apple', 'rawapplelove@gmail.com', 43, NULL),
(1647, 'chris', 'apost', 'christeas49@yahoo.com', 16, NULL),
(1648, 'Amos', 'Gutman', 'amosgut@yahoo.com', 21, NULL),
(1649, 'Mr.ditsaphong', 'wungphatanaton', 'ditsa_samui@hotmail.com', 40, NULL),
(1650, 'SHADI', 'SIDES', 'kobisides@walla.com', 21, NULL),
(1651, 'Jennifer', 'Trefiak', 'zen.jen@sympatico.ca', 7, NULL),
(1652, 'Linda', 'Tisue', 'haveatisue@gmail.com', 24, NULL),
(1653, 'ELENI', 'NIKOLIADI', 'elnikol@mail.gr', 16, NULL),
(1654, 'Nicole', 'Chambers', 'nicci54@hotmail.com', 7, NULL),
(1655, 'Ramzanali', 'Hooda', 'alyhooda@yahoo.com', 19, NULL),
(1656, 'blair', 'vanpelt', 'bebopblair@yahoo.com', 43, NULL);
INSERT INTO `tblstudents` (`idstudent`, `chrfirstname`, `chrsurname`, `chremail`, `idcountry`, `dtdob`) VALUES (1657, 'Ema', 'Farkas', 'awakenwithin@hotmail.com', 43, NULL),
(1658, 'Nina', 'Goergen', 'ninagoergen@hotmail.com', 15, NULL),
(1659, 'Paul', 'Winkler', 'paul.winkler@cogeco.ca', 7, NULL),
(1660, 'Lee', 'young', 'hl2owh@gmail.com', 24, NULL),
(1661, 'lydia', 'sharman', 'lydia@alcor.concordia.ca', 7, NULL),
(1662, 'Satchita', 'Melina', 'Satchita.dream@gmail.com', 1, NULL),
(1663, 'Tamara', 'd''Auvergne', 'tdauvergne@gmail.com', 28, NULL),
(1664, 'Sarah', 'Glen', 'sarah.glen@aucklandcity.govt.nz', 28, NULL),
(1665, 'Regan', 'Pfeifer', 'wregan54@msn.com', 43, NULL),
(1666, 'Sibel', 'Emul', 'sibelemul@yahoo.com.tr', 41, NULL),
(1667, 'wolf', 'Mombour', 'mombour@rz-online.de', 15, NULL),
(1668, 'Stephan', 'Oesterreicher', 'openanahata@yahoo.de', 15, NULL),
(1669, 'neda', 'goudarzi', 'neda_goudarzi@yahoo.com', 19, NULL),
(1670, 'Manon', 'Vermette', 'manonvermette1@sympatico.ca', 7, NULL),
(1671, 'holli', 'elliott', 'fallschurchyoga@gmail.com', 43, NULL),
(1672, 'Diane', 'Brunelle', 'dbrunelle@ogilvyrenault.com', 7, NULL),
(1673, 'Aniela', 'Mora', 'aniela_m@hotmail.com', 7, NULL),
(1674, 'Annie', 'Grady', 'anniemgrady@hotmail.com', 43, NULL),
(1675, 'Deirdre', 'Glen', 'deirdreglen@yahoo.com', 7, NULL),
(1676, 'laetitia', 'tisserand', 'leti2net@yahoo.com', 14, NULL),
(1677, 'Michelle', 'Cavanaugh', 'mtwarmolts@aol.com', 40, NULL),
(1678, 'Seelan', 'Pillay', 'kriyatantricmaster@yahoo.com', 36, NULL),
(1679, 'shinobu', 'shibasaki', 'shibasaki-shinobu@hotmail.co.jp', 23, NULL),
(1680, 'Lizzy', 'Morter', 'fairydance23@hotmail.com', 2, NULL),
(1681, 'Kira', 'Zaremba', 'kisku8@gmail.com', 34, NULL),
(1682, 'Tal', 'Ravid', 'talosnat@netvision.net.il', 21, NULL),
(1683, 'Sandra', 'Tonn', 'sandra_tonn@telus.net', 7, NULL),
(1684, 'Stefan', 'Gherghinoiu', 'stefan.gherghinoiu@TELUS.com', 7, NULL),
(1685, 'Orian', 'Ambient', 'orian_a1@hotmail.com', 21, NULL),
(1686, 'Sabine', 'Ottenbacher', 'sabineottenbacher@bluewin.ch', 39, NULL),
(1687, 'susanna', 'mariotti', 'mariosusanna@libero.it', 22, NULL),
(1688, 'Dewi', 'Farida', 'kartoffeln_d@yahoo.com', 100, NULL),
(1689, 'Jeevan Lata', 'Shukla', 'drjeevanlatashukla@yahoo.co.in', 23, NULL),
(1690, 'karyn', 'carne', 'karyncarne@yahoo.com.au', 2, NULL),
(1691, 'kasia', 'przykorska', 'kasiazoom@hotmail.com', 7, NULL),
(1692, 'himansu', 'rout', 'hs.rout@hotmail.com', 19, NULL),
(1693, 'andre', 'orsi', 'andrealaddin@gmail.com', 42, NULL),
(1694, 'Sabine', 'Ottenbacher', 'sabinottenbacher@bluewin.ch', 39, NULL),
(1695, 'Jenn', 'Cloutier', 'jenn.cloutier@gmail.com', 7, NULL),
(1696, 'Dirk', 'Ruppik', 'SL2SL@web.de', 15, NULL),
(1697, 'David', 'Millner', 'earthenergies@gmail.com', 37, NULL),
(1698, 'Dustin', 'DiPerna', 'dustindiperna@gmail.com', 43, NULL),
(1699, 'Jimmy', 'Teh', 'jimmyanna@pd.jaring.my', 25, NULL),
(1700, 'andrea', 'ferrara', 'aferrara10@hotmail.com', 43, NULL),
(1701, 'Nikolaj', 'Sahlstroem', 'nikolajsahlstroem@gmail.com', 12, NULL),
(1702, 'Charlotte', 'Doering', 'charbubbles@hotmail.com', 7, NULL),
(1703, 'Ceyla', 'Glckl', 'ceyla@superonline.com', 41, NULL),
(1704, 'Kristina', 'Papazova', 'krizalia@abv.bg', 20, NULL),
(1705, 'Colin', 'Wheeler', 'taltosh@gmail.com', 42, NULL),
(1706, 'rae jenkin', 'jenkin', 'raejenkin@hotmail.com', 42, NULL),
(1707, 'aysegul', 'feyzioglu', 'aysegul.feyzioglu@gmail.com', 41, NULL),
(1717, 'analisa', 'madron', 'analisamadron@hotmail.com', 43, NULL),
(1718, 'Monica', 'Gutierrez', 'monyguti@yahoo.com', 43, NULL),
(1719, 'Christiania', 'Dufour', 'christidufour@bluewin.ch', 39, NULL),
(1720, 'Roger', 'Mack', 'ramack@hotmail.com', 40, NULL),
(1721, 'richard', 'klein', 'rk2243@hotmail.com', 43, NULL),
(1722, 'carly', 'Allen', 'carlyontour@googlemail.com', 42, NULL),
(1723, 'veena', 'banerji', 'vbanerji@hotmail.com', 1, NULL),
(1724, 'Neil', 'O''Sullivan', 'neilosullivan2002@yahoo.com', 42, NULL),
(1725, 'Leana', 'Rack', 'lotus1278@yahoo.com.au', 2, NULL),
(1726, 'Lesley', 'Omnet', 'lesleyomnet@hotmail.com', 42, NULL),
(1727, 'Esther', 'Stoffels', 'e.stoffels@zonnet.nl', 42, NULL),
(1728, 'Maggie', 'Williams', 'maggiewilliams2@btinternet.com', 42, NULL),
(1729, 'Robert', 'Loiselle', 'rloiselle@ntic.qc.ca', 7, NULL),
(1730, 'Hanneke', 'Haas', 'pippi@haarcreaties.nl', 27, NULL),
(1731, 'Louise', 'Cook', 'louisecook18@gmail.com', 2, NULL),
(1732, 'Justine', 'Baruch', 'baruchjustine@gmail.com', 1, NULL),
(1733, 'Jennifer', 'Simms', 'jennsimms@yahoo.com', 40, NULL),
(1734, 'Ulrike', 'Trauner', 'u.m.trauner@gmx.at', 3, NULL),
(1735, 'Andreas Maria', 'Bauhofer', 'a-m.bauhofer@t-online.de', 15, NULL),
(1736, 'Irina & Adrian', 'Platica', 'iriadi99p@yahoo.com', 43, NULL),
(1737, 'Peter', 'Adams', 'Pete.adams@moving-overseas-guide.com', 41, NULL),
(1738, 'Amiokanti', 'Das', 'amiokanti@gmail.com', 35, NULL),
(1739, 'Simon', 'Grounds', 'simon_grounds@hotmail.com', 42, NULL),
(1740, 'Shanna', 'Bhambra', 'sugarplumfairy_83@hotmail.com', 42, NULL),
(1741, 'Tiffany', 'Bissey', 'tbissey@gmail.com', 42, NULL),
(1744, 'Eckhard', 'Fehr', 'nagpa66@yahoo.com', 15, NULL),
(1745, 'Eckart', 'Andreae', 'eckart.andreae@gmail.com', 15, NULL),
(1746, 'Liam', 'Beliveau', 'beliwell@gmail.com', 43, NULL),
(1747, 'sara', 'wallace', 'saraannwallace@yahoo.co.uk', 42, NULL),
(1748, 'Mary Lynn', 'Perry', 'mlperry10@gmail.com', 43, NULL),
(1749, 'Kavita', 'Keswani', 'kavitakeswani@yahoo.com', 19, NULL),
(1750, 'Srinivasen', 'Durai', 'srinikalpana2006@yahoo.com', 19, NULL),
(1751, 'Yvonne Amanda', 'Duerst', 'bhodiamanda@hotmail.com', 39, NULL),
(1752, 'Srinivasen', 'Durai', 'srinistudio@gmail.com', 19, NULL),
(1753, 'Richard', 'Koehler', 'contactriko@yahoo.com', 43, NULL),
(1754, 'Holger', 'Misch', 'holger_misch@web.de', 1, NULL),
(1755, 'Annica', 'Mynax', 'mynaxa@hotmail.com', 2, NULL),
(1756, 'Hannelore', 'de Vries', 'hannelorev@yahoo.com', 27, NULL),
(1757, 'michalis', 'vrettas', 'babyluck77@hotmail.com', 16, NULL),
(1758, 'skeeter', 'barker', 'skeeter_sf@yahoo.com', 43, NULL),
(1759, 'Mantre', 'Starski', 'mantre@tlen.pl', 31, NULL),
(1760, 'Ron', 'Ortenberg', 'r.ortenberg@gmail.com', 43, NULL),
(1761, 'Xover', 'Lewis', 'arcstudio13@gmail.com', 27, NULL),
(1762, 'austin', 'joe', 'jonahaustin2002@yahoo.com', 3, NULL),
(1763, 'Naomi', 'ozzy', 'kryan113@hotmail.com', 2, NULL),
(1764, 'Lisa', 'Bhrer', 'mond.lisa@gmx.net', 39, NULL),
(1765, 'Alex', 'hardwicke', 'funalex78@yahoo.com', 43, NULL),
(1766, 'nick', 'richards', 'nick1969@gmail.com', 42, NULL),
(1767, 'Shannon', 'Chittick', 'shannonchittick@yahoo.ca', 7, NULL),
(1768, 'Bonnie', 'Blair', 'bonniemblair@rogers.com', 7, NULL),
(1769, 'Jan', 'Sjogren', 'jansj2003@yahoo.co.uk', 38, NULL),
(1770, 'Sandra', 'Sena', 'friedensss1914@yahoo.com.br', 1, NULL),
(1771, 'Caroline', 'Hoffmann', 'CarolineHoffmann@gmx.at', 3, NULL),
(1772, 'Sarah', 'Van Name', 'vannamesa@hotmail.com', 40, NULL),
(1773, 'Robin', 'Nicholson', 'robinzbird@yahoo.com', 43, NULL),
(1774, 'ozgun', 'ozpinar', 'coreyantal@yahoo.com', 41, NULL),
(1775, 'rute', 'jorge', 'rip_j_@hotmail.com', 32, NULL),
(1776, 'ISIS', 'FERNANDEZ', 'isis_f@hotmail.com', 26, NULL),
(1777, 'arturo', 'molina', 'amm_06@hotmail.co.uk', 37, NULL),
(1778, 'patricia', 'morrison', 'b69blondie@hotmail.com', 7, NULL),
(1779, 'Tuhin', 'Chowdhury', 'tuhin@indicana.net', 19, NULL),
(1780, 'Sabina', 'Molenaar', 'sabjem@hotmail.com', 27, NULL),
(1781, 'Grant', 'Segall', 'grantsegall@gmail.com', 43, NULL),
(1782, 'Asara', 'Dale', 'carasadale@yahoo.com', 1, NULL),
(1783, 'Franky', 'Salou', 'lbv1@msn.com', 14, NULL),
(1784, 'Josie', 'Bennett', 'bennett.josie@gmail.com', 7, NULL),
(1785, 'Isabel', 'Fdez', 'recrearteintegr@yahoo.es', 37, NULL),
(1786, 'Elodie', 'Delettre', 'elodiedel@yahoo.fr', 14, NULL),
(1787, 'Sandrine', 'Chouslin', 'lalala3fors@yahoo.fr', 14, NULL),
(1788, 'Johanna', 'Pollet', 'jojopol@gmx.de', 15, NULL),
(1789, 'Michael', 'Reinwald', 'mitch_reinwald@hotmail.com', 15, NULL),
(1790, 'Eva', 'Crveger', 'Kisagotami@web.de', 15, NULL),
(1791, 'Ricardo', 'Dandrosi', 'hanto17@hotmail.it', 22, NULL),
(1792, 'Anthony', 'Giles', 'antonyrobertgiles@hotmail.com', 2, NULL),
(1793, 'Johnathon', 'Russell', 'jonnyruss18@hotmail.com', 42, NULL),
(1794, 'Stefano', 'Pegorari', 'pego13@yahoo.it', 22, NULL),
(1795, 'Ivan', 'Colonbini', 'nari72@yahoo.it', 22, NULL),
(1796, 'Karie', 'reinertson', 'sisterbluesky@gmail.com', 43, NULL),
(1797, 'Amir', 'Hayari', 'amirhayari@gmail.com', 21, NULL),
(1798, 'Laura', 'Thornton', 'karmafun@htmail.com', 20, NULL),
(1799, 'Laura', 'Bawn', 'laurabawn@hotmail.com', 42, NULL),
(1800, 'Paula', 'Parker', 'pparker3279@yahoo.com', 43, NULL),
(1801, 'Nik', 'Petroff', 'nikpetroff@gmail.com', 2, NULL),
(1802, 'Suparamsa', 'Sombatsapsin', 'kratae08@gmail.com', 40, NULL),
(1803, 'Lindsay', 'Charron', 'linds_ch@alcor.concordia.ca', 7, NULL),
(1804, 'Anna', 'Neilson', 'anna.neilson@mcgil.mcgill.ca', 7, NULL),
(1805, 'Lenora', 'Cangeloso', 'lenorerenewal@hotmail.com', 43, NULL),
(1806, 'Jim', 'Aplington', 'jimaplington@noemailaddress.com', 1, NULL),
(1807, 'Bo', 'Andersen', 'landy@home.se', 38, NULL),
(1808, 'Sax', 'Olivier', 'saxoliviersax@gmail.com', 14, NULL),
(1809, 'Ileana', 'Athanatos', 'lathanatos@hotmail.com', 42, NULL),
(1810, 'Alice', 'Ruggeri', 'alice.ruggeri@gmail.com', 22, NULL),
(1811, 'Sophie', 'Dutheil', 'touchatout2@yahoo.fr', 14, NULL),
(1812, 'Gabriel', 'Baizeau', 'gabrielbaizeau@yahoo.fr', 14, NULL),
(1813, '''Berit', 'Totscanig', 'berittot@hotmail.com', 3, NULL),
(1814, 'Daysha', 'Hampton', 'daysha19@yahoo.com', 43, NULL),
(1815, 'Robynne', 'Curlec', 'robynnec@gmail.com', 43, NULL),
(1816, 'tanya', 'darling', 'darlingtanya@hotmail.com', 7, NULL),
(1817, 'Kate', 'Otruba', 'kotruba@gmail.com', 3, NULL),
(1818, 'Nadav', 'Somerh', 'nadavys@gmail.com', 21, NULL),
(1819, 'Eric', 'Forster', 'evf6@hotmail.com', 2, NULL),
(1820, 'Chiaki', 'Atsumi', 'bigeye28@hotmail.com', 23, NULL),
(1821, 'Noriko', 'Takei', 'n211t@yahoo.co.jp', 23, NULL),
(1822, 'Gil', 'Stavy', 'gstavy@gmail.com', 21, NULL),
(1823, 'Rafael', 'Sadowski', 'rayoga@gmail.com', 5, NULL),
(1824, 'Lena', 'Walravens', 'helene_walravens@hotmail.com', 4, NULL),
(1825, 'Anu', 'Rati', 'ishg4now@hotmail.com', 38, NULL),
(1826, 'Mami', 'Ito', 'keitkei@hotmail.com', 23, NULL),
(1827, 'Carolyn', 'Bergsheff', 'c.bergsheff@yahoo.com', 7, NULL),
(1828, 'Chelsy', 'Cooper', 'chelsycooper@hotmail.com', 7, NULL),
(1829, 'Jillian', 'Wagg', 'jillianwagg@hotmail.com', 7, NULL),
(1830, 'Kayoko', '', 'kokodelite@hotmail.com', 23, NULL),
(1831, 'Lucas', 'Browning', 'lucasbrowning@noemailaddress.com', 43, NULL),
(1832, 'Yuko', '', 'radha-shanti@hotmail.com', 23, NULL),
(1833, 'Trevalene', 'Neil', 'trevalene89@yahoo.com.au', 2, NULL),
(1834, 'Annie', 'Grady', 'anniegrady@hotmail.com', 43, NULL),
(1835, 'Katrin', 'Kirichenko', 'shiatsulife@yandex.ru', 27, NULL),
(1836, 'Sharon', 'Downing', 'studio3011@hotmail.com', 43, NULL),
(1837, 'Monica', 'Gutierrez', 'monyauti@yahoo.com', 43, NULL),
(1838, 'Elisa', 'Hartwig', 'elisa.hartwig@gmail.com', 43, NULL),
(1839, 'Gert', 'De Schaepmeester', 'gerton7@yahoo.com', 4, NULL),
(1840, 'Judith', 'Carter', 'bertandjudy@hotmail.com', 2, NULL),
(1841, 'Karine', 'Jaume', 'jaumekarine@yahoo.fr', 14, NULL),
(1842, 'Melissa', 'Breed', 'melissabreed@yahoo.com', 43, NULL),
(1843, 'Doyon', 'Hwang', 'doyon.hwang@gmail.com', 24, NULL),
(1844, 'Wonsook', 'Noh', 'einnia1@gmail.com', 24, NULL),
(1845, 'Alka', 'Puri', 'sozaclotting@yahoo.com', 19, NULL),
(1846, 'Lonnelie', 'Jansen', 'lonnelie_j86@hotmail.com', 27, NULL),
(1847, 'Sheena', 'McLennan', 'sheena.mclennan@gmail.com', 20, NULL),
(1848, 'Carole', 'Beaicbrk', 'caolebeaicbrk@yahoo.com', 43, NULL),
(1849, 'Francosa', 'Ria', 'f_ria@yahoo.com', 22, NULL),
(1850, 'Juliane', 'Richter', 'richterjuliane@yahoo.de', 15, NULL),
(1851, 'Monique', 'Wilth', 'moniquewith@hotmial.com', 39, NULL),
(1852, 'Chelsea', 'Gibson', 'cgibbs66@hotmail.com', 7, NULL),
(1853, 'Leah', 'Tai', 'leahctai@gmail.com', 43, NULL),
(1854, 'Sam', 'Groom', 'sgroom1989@hotmail.com', 42, NULL),
(1855, 'Rebecca', 'Hayes', 'hayesreve@gmail.com', 43, NULL),
(1856, 'Elisabeth', 'Heartl', 'liz.heartl@gmx.rel', 3, NULL),
(1857, 'Andy', 'Bugeja', 'andrew.bugeja@hotmail.com', 2, NULL),
(1858, 'Cindy', 'Miralt', 'cindy@theinnerlightstudio.com', 43, NULL),
(1859, 'Shannon', 'VanWert', 'slynkefax@hotmail.com', 43, NULL),
(1860, 'Chelsea', 'Morgan', 'morchelsea@gmail.com', 43, NULL),
(1861, 'Ashlee Sakaishi', 'Griffiths', 'asakaishi.griffiths@gmail.com', 43, NULL),
(1862, 'Brianna', 'Tyler', 'briarnatia@hotmail.com', 43, NULL),
(1863, 'Sonja', 'Jokiniemi', 'sonjajokiniemi@hotmail.com', 13, NULL),
(1864, 'Katie', 'Wheaton', 'khouwheaton@hotmail.com', 42, NULL),
(1865, 'michaela', 'poeschl', 'michaela.poeschl@hotmail.com', 3, NULL),
(1866, 'amari', 'munns', 'annmariewoodall@googlemail.com', 40, NULL),
(1867, 'emily', 'robinson', 'EmilyRobinsonAZ@gmail.com', 43, NULL),
(1868, 'Anita', 'Tujula', 'atujula@hotmail.com', 13, NULL),
(1869, 'Serge', 'Noyer', 's.noyer@leregional.ch', 39, NULL),
(1870, 'nicki', 'page', 'npage@fusion-mgt.com', 42, NULL),
(1871, 'Franceska', 'Alexander', 'ambienet_beauty@yahoo.com', 43, NULL),
(1872, 'nepali', 'Raju', 'rajakarajeev@yahoo.com', 12, NULL),
(1873, 'Roberta', 'Hastings', 'HastingsRoberta@aol.com', 43, NULL),
(1874, 'Pattaratida', 'Lowy', 'lowyp2000@yahoo.com', 40, NULL),
(1875, 'yoga', 'angel', 'teetley@gmail.com', 21, NULL),
(1876, 'Preenun', 'Nana', 'toomshakti@yahoo.com', 40, NULL),
(1877, 'Kassandra', 'Morrison', 'kaseylove@gmail.com', 7, NULL),
(1878, 'richard', 'thiebault', 'richardthiebault1@msn.com', 14, NULL),
(1879, 'Brittany', 'Blockman', 'brittany.blockman@gmail.com', 43, NULL),
(1880, 'gurcan', 'gurel', 'g.gurel@iltekno.com', 41, NULL),
(1881, 'Holger', 'Lttich', 'dr.luettich@5wmail.com', 15, NULL),
(1882, 'Cristina', 'Font Ramirez', 'totbiomenorca@hotmail.com', 37, NULL),
(1883, 'Sandra', 'Domingos', 'mystic-spiral@hotmail.com', 5, NULL),
(1884, 'Regina', 'Schuster', 'sadikas@web.de', 15, NULL),
(1885, 'Charlotte', 'Doering', 'charlottedoering@msn.com', 7, NULL),
(1886, 'Noa', 'Rab', 'noarab200@yahoo.com', 1, NULL),
(1887, 'Marc', 'Hallum', 'mavers789@yahoo.co.uk', 42, NULL),
(1888, 'Kate', 'Dunn-Davenport', 'kmd9703@mail.com', 43, NULL),
(1889, 'David', 'Envall', 'davidenvall@hotmail.com', 38, NULL),
(1890, 'Joanna', 'Pyres', 'jopyres@gmail.com', 42, NULL),
(1891, 'Martin', 'Jonsson', 'beard@myself.com', 38, NULL),
(1892, 'Susann', 'Forsberg', 'susannforsberg@yahoo.com', 38, NULL),
(1893, 'Divya', 'Chandeaa', 'chandeaadivya@yahoo.co.in', 19, NULL),
(1894, 'Claire', 'Posarec', 'cheemyeyes245@yahoo.com', 43, NULL),
(1895, 'Patricia', 'Figuero', 'patriciafiguero@yahoo.es', 37, NULL),
(1896, 'Folker', 'Lobmayr', 'vanb@ymx.net', 3, NULL),
(1897, 'Stefanie', 'Kunzlmann', 's.kunzlmann@web.de', 15, NULL),
(1898, 'Carly', 'Stewart', 'sarahlisacharm@hotmail.com', 7, NULL),
(1899, 'Anni', 'Rantanen', 'anni_kainen@hotmail.com', 13, NULL),
(1900, 'Chris', 'Copp', 'chriscrocop@gmail.com', 43, NULL),
(1901, 'Genevieve', 'Marquis', 'm.g.marquis@gmail.com', 43, NULL),
(1902, 'Gabriel', 'Jort-Pelletier', 'tree_gab@yahoo.ca', 1, NULL),
(1903, 'maria', 'mackie', 'mariamackie@hotmail.com', 42, NULL),
(1904, 'susann', 'andersson', 'susannevelyn@hotmail.com', 12, NULL),
(1905, 'Costa', 'Lambros', 'lambrosvic@gmail.com', 2, NULL),
(1906, 'Craig', 'Campbell', 'craigcampbell69@yahoo.co.uk', 42, NULL),
(1907, 'Morika', 'Callao', 'morikac@hotmail.com', 2, NULL),
(1908, 'Stefano', 'Rondini', 'smartlight@libero.it', 22, NULL),
(1909, 'Claire', 'Daigle', 'claire.daigle@hotmail.com', 7, NULL),
(1910, 'Jessa', 'Wadatz', 'crystalskys16@yahoo.com', 43, NULL),
(1911, 'Prairie Rose', 'Bauman', 'gypsyrose4774@yahoo.com', 43, NULL),
(1912, 'C. Fatih', 'Keceliozlu', 'fatihist@gmail.com', 41, NULL),
(1913, 'Mark William', 'Daley', 'mdspacematters@hotmail.com', 42, NULL),
(1914, 'Andrea', 'Grasslober', 'andrea_grasslober@hotmail.com', 3, NULL),
(1915, 'Alicia', 'Brown', 'brown.alicia@gmail.com', 2, NULL),
(1916, 'Joel', 'Van Lierde', 'joel.vanlierde@gmail.com', 4, NULL),
(1917, 'Ken', 'Zulumorski', 'kenzulumorski@yahoo.co.au', 2, NULL),
(1918, 'Frida', 'Darell', 'fridadarell@hotmail.com', 38, NULL),
(1919, 'Katerina', 'Healy', 'khealy99@yahoo.com', 20, NULL),
(1920, 'Slava', 'Kondratiev', 'narola22@hotmail.com', 34, NULL),
(1921, 'Hanna', 'Yukiuttu', 'rimpputee@yahoo.co.uk', 13, NULL),
(1922, 'Frances', 'Skipper', 'frances299@hotmail.co.uk', 42, NULL),
(1923, 'Alison', 'Southworth', 'alison.southworth@hotmail.co.uk', 1, NULL),
(1924, 'Emma', 'Edwards', 'edwardsel@hotmail.co.uk', 42, NULL),
(1925, 'Chris', 'Scutt', 'chrisscutt@hotmail.co.uk', 42, NULL),
(1926, 'Anita', 'Noti', 'anita_noti@yahoo.de', 39, NULL),
(1927, 'Olivia', 'Ruppen', 'olsan@gmx.ch', 39, NULL),
(1928, 'Nice Vismaya', 'Genise', 'nicevismaya@yahoo.com', 22, NULL),
(1929, 'Darunee', '', 'blackmoon13@yahoo.com', 40, NULL),
(1930, 'Skye', 'Stegenga', 'skyegypsy@gmail.com', 7, NULL),
(1931, 'Adam', 'Caplan', 'apcaplan@gmail.com', 43, NULL),
(1932, 'Anthony', 'Lewis', 'ant_lewis2003@yahoo.co.uk', 42, NULL),
(1933, 'Anthony', 'Fidler', 'anthony.fidler@btopenworld.com', 42, NULL),
(1934, 'Angela', 'Perez  Chamorro', 'angelaperez-ch@hotmail.com', 1, NULL),
(1935, 'Alka', 'Puri', 'sozaclothing@yahoo.com', 19, NULL),
(1936, 'Alison', 'Hiller', 'a_hiller@hotmail.co.uk', 42, NULL),
(1937, 'Andreanne', 'Fortin-Dion', 'andy27ca@yahoo.ca', 7, NULL),
(1938, 'Audra', 'Lehman', 'audralehman@hotmail.com', 43, NULL),
(1939, 'Ananchai', 'Sengyai', 'km-kilgore@yahoo.co.uk', 40, NULL),
(1940, 'Andre', 'Lepine', 'alepine@premiermarketing.com', 7, NULL),
(1941, 'Anouk', 'Barbier', 'barbier@voila.fr', 14, NULL),
(1942, 'Deborah', 'Knight', 'tevaliknight@yahoo.co.uk', 42, NULL),
(1943, 'Aleksandras', 'Jancenca', 'jansenka@indox.rv', 33, NULL),
(1944, 'Sicha', 'Rieoklang', 'sicha79@hotmail.com', 40, NULL),
(1945, 'Lisa', 'Phillips', 'ukredanger@yahoo.co.uk', 42, NULL),
(1946, 'Jenni', 'Hokkanen', 'jenni.hokkanen@gmail.com', 13, NULL),
(1947, 'Katie', 'Wheaton', 'ktlouwheaton@hotmail.com', 42, NULL),
(1948, 'Ginenne', 'Lloyd', 'Ginenne@hotmail.com', 7, NULL),
(1949, 'Asuka', 'Hara', 'asuka.hara@yahoo.com.au', 2, NULL),
(1950, 'Johnathon', 'Matchett', 'jonathonmatchett@gmail.com', 20, NULL),
(1951, 'Gabi', 'Bruggmann', 'gabibruggmann@hotmail.com', 15, NULL),
(1952, 'Mark', 'Elder', 'melder2005@yahoo.ca', 7, NULL),
(1953, 'Kari', 'Folka', 'karifolka@hotmail.com', 7, NULL),
(1954, 'Rebecca', 'Liestman', 'mirarajoy@hotmail.com', 43, NULL),
(1955, 'Jae', 'Ell', 'jae.ell@hotmail.com', 7, NULL),
(1956, 'Vanessa', 'Ness', 'reesvanessa@hotmail.com', 42, NULL),
(1957, 'Natalie', 'Gossage', 'cayotemoonhowl@yahoo.com', 43, NULL),
(1958, 'Misha', 'Lebell', 'mishalebell@gmail.com', 43, NULL),
(1959, 'Sarah', 'Schneider', 'theadventures@gmail.com', 43, NULL),
(1960, 'Michele', 'Lamarche', 'noemailaddress@noemailaddress.com', 43, NULL),
(1961, 'Nathalie', 'Shapiro', 'nathalieb34@gmail.com', 43, NULL),
(1962, 'mary', 'licari', 'marylicari@yahoo.co.uk', 101, NULL),
(1963, 'Stevie', 'kailash', 'kailash77@gmail.com', 2, NULL),
(1964, 'Kashmir', 'Rouw', 'evolutionstone@hotmail.com', 2, NULL),
(1965, 'Susanne', 'Boucher', 'sunshinesusanne@gmail.com', 43, NULL),
(1966, 'baburam', 'Pandey', 'baburam2pandey@gmail.com', 27, NULL),
(1967, 'Jelka', 'Cucuz', 'jelkacucuz@yahoo.com', 43, NULL),
(1968, 'k', 'k', 'itsmyplanet@yahoo.com', 19, NULL),
(1969, 'Divya', 'Chandraa', 'chandraadivya@yahoo.co.in', 19, NULL),
(1972, 'caroluie', 'Vogel', 'diecalinemarie@gmx.de', 15, NULL),
(1973, 'Ben', 'Mishan', 'benmishanish1@gmail.com', 21, NULL),
(1974, 'Doo', 'Kop', 'dookop@gmail.com', 21, NULL),
(1975, 'Ivette', 'Medina', 'ivete1823@hotmail.com', 26, NULL),
(1976, 'Kridsada', 'Nienjan', 'lolay022002@yahoo.com', 40, NULL),
(1977, 'Tammy', 'Lianu', 'tlianu@mac.com', 43, NULL),
(1978, 'Richard', 'Koehler', 'contactnilso@yahoo.com', 43, NULL),
(1979, 'Ani', 'Everts', 'anigraphics@supanet.com', 42, NULL),
(1980, 'Noot', 'Juicyau', 'myjuicyau@hotmail.com', 40, NULL),
(1981, 'Tessa', 'Helm', 'tessahelm@hotmail.com', 42, NULL),
(1982, 'Jessica', 'Groenenberg', 'jgroenenberg@hotmail.com', 27, NULL),
(1983, 'Athina', 'Bariolopouler', 'athina89@hotmail.com', 16, NULL),
(1984, 'Dominih', 'Remy', 'behappppy@yahoo.com', 15, NULL),
(1985, 'Veronique', 'Van Hoorick', 'verouanhoorick@hotmail.com', 4, NULL),
(1986, 'Elisabeth', 'Pierseause', 'elisabeth.pierseause@gmail.com', 4, NULL),
(1987, 'Chia', 'Ti', 'noemail@given.com', 43, NULL),
(1988, 'Jau', 'Unknown', 'professionals@homeworking.org', 35, NULL),
(1989, 'Laura', 'Van Lee', 'noemailaddress@given.com', 100, NULL),
(1990, 'Ashley', 'Schenk', 'canihaveacookie@gmail.com', 43, NULL),
(1991, 'Gianni', 'Polo', 'giannipolo@libero.it', 22, NULL),
(1992, 'Anne', 'Moreau', 'annemo2000@yahoo.fr', 14, NULL),
(1993, 'Andrea', 'Flowers', 'andrea.flowers@dai.ca', 7, NULL),
(1994, 'Fuzio', 'Pierre', 'pierrefuzio99@yahoo.com', 15, NULL),
(1995, 'Jimmy', 'Cassidy', 'j_cassidy@yahoo.com', 7, NULL),
(1996, 'Mark', 'Hayes', 'footballsocks@hotmail.com', 2, NULL),
(1997, 'Christine', 'Grasson', 'christinegrasso@hotmail.com', 43, NULL),
(1998, 'Scott', 'Jainigan', 'prangjesni@yahoo.com', 43, NULL),
(1999, 'Stephanie', 'Aguillor', 'stefaluna@caremail.com', 14, NULL),
(2000, 'Jonas', '', 'jonas.asendorpf@gux.de', 15, NULL),
(2001, 'Nishijima', 'Takatoshi', 'noaddressgiven@toobad.com', 23, NULL),
(2002, 'Sara', 'Colautti', 'saracolautti@liberto.it', 22, NULL),
(2003, 'Katelyn', 'Brown', 'none@given.com', 2, NULL),
(2004, 'Amanfa', 'Ennis-Smith', 'amandaennissmith@hotmail.com', 7, NULL),
(2005, 'Mouette', 'Brebard', 'noaddressgiven@tooobad.com', 27, NULL),
(2006, 'Li', 'Moonsoon', 'monsoon@streamyx.com', 25, NULL),
(2007, 'Nicki', 'Wong', 'nickirulia@hotmail.com', 25, NULL),
(2008, 'Timea', 'Van der Hoeh', 'timea.vdhoeh@hotmail.com', 27, NULL),
(2009, 'Elise', 'Ramsey', 'eliseiselise@hotmail.com', 2, NULL),
(2010, 'Sharon', 'McDowell', 'shrnbz@yahoo.ie', 20, NULL),
(2011, 'Zehavit', 'Ben_ichgy', 'zehavitby@hotmail.com', 21, NULL),
(2012, 'Revital', 'Benyosef', 'bentalby@yahoo.com', 21, NULL),
(2013, 'Dean', 'Vanderlaan', 'deanvanderlann@hotmail.co.uk', 42, NULL),
(2014, 'Pierre', 'Balestrini', 'pierreandmarie@yahoo.fr', 14, NULL),
(2015, 'Jacqui', 'Morris', 'jacquelinemmorris@googlemail.com', 42, NULL),
(2016, 'Vasilis', 'Vergos', 'vaniliarest@yahoo.gx', 15, NULL),
(2017, 'Agpo', 'Hyuigthun', 'aapohyarineu@yahoo.com', 13, NULL),
(2018, 'Felix', 'Chen', 'felysium@hotmail.com', 2, NULL),
(2019, 'Cat', 'Rigby', 'catrigby@hotmail.com', 2, NULL),
(2020, 'Jonne', 'Viljanen', 'jonnen_jehuu@hotmail.com', 13, NULL),
(2021, 'Sari', 'Markkanen', 'sari.markkanen@yahoo.com', 13, NULL),
(2022, 'Brigitte', 'Link', 'gitte-link@web.de', 15, NULL),
(2023, 'Sandra', 'Zick', 'sandra.zick@web.de', 15, NULL),
(2024, 'Matt', 'Raitila', 'matt.ante@hotmail.com', 38, NULL),
(2025, 'Herve', 'Michalet', 'hervemichalet@neuf.fr', 14, NULL),
(2026, 'Sara', 'Stewart', 'saramascara@earthlink.net', 43, NULL),
(2027, 'lisa', 'berkley', 'laberkley@gmail.com', 43, NULL),
(2028, 'Louise', 'Faulkner', 'louisefaulkner@yahoo.co.uk', 42, NULL),
(2029, 'Jaker', 'Ritter', 'jgrit8@gmail.com', 43, NULL),
(2030, 'roberto', 'gutierrez', 'rgsalas@msn.com', 1, NULL),
(2031, 'Brigtte', 'Touch', 'brigitte.touche@hotmail.com', 7, NULL),
(2032, 'Bhawna', 'Gesota', 'bhawna_gesota@yahoo.com', 19, NULL),
(2033, 'Bilito', 'Van Cauwenberge', 'freeleli@hotmail.com', 4, NULL),
(2034, 'Olga', 'Carrillo Campillo', 'carrillo_olga@hotmail.com', 37, NULL),
(2035, 'Claud', 'Vadua', 'c_vadua@yahoo.com', 43, NULL),
(2036, 'Craig', 'White', 'cwfootballscience@hotmail.com', 42, NULL),
(2037, 'Colleen', 'Mathieu', 'scozbdz@hotmail.com', 43, NULL),
(2038, 'Dean', 'Draper', 'deandrpr@yahoo.com', 42, NULL),
(2039, 'Dirk', 'Ruppik', 'slzsl@web.de', 15, NULL),
(2040, 'Dominic', 'Whiston', 'domwhiston@yahoo.co.uk', 41, NULL),
(2041, 'Edmond', 'Rusal', 'ckpcn@ciaccess.com', 7, NULL),
(2042, 'Dean', 'Wickenden', 'deanwicky@hotmail.com', 28, NULL),
(2043, 'Eliza', 'Shablovskaya', 'velissa_9@hotmail.com', 34, NULL),
(2044, 'Eva', 'Makkos', 'eva.estrella@web.de', 15, NULL),
(2045, 'Eva', 'Hinzmann', 'chica.72@web.de', 15, NULL),
(2046, 'richard', 'liljenberg', 'richard.liljenberg@gmail.com', 38, NULL),
(2047, 'Eli', 'Katan', 'ekatan@gmail.com', 7, NULL);

-- --------------------------------------------------------

-- 
-- Table structure for table `tblworkshops`
-- 

DROP TABLE IF EXISTS `tblworkshops`;
CREATE TABLE IF NOT EXISTS `tblworkshops` (
  `idworkshop` smallint(6) NOT NULL default '0',
  `chrworkshop` char(50) default NULL,
  PRIMARY KEY  (`idworkshop`),
  KEY `idworkshop` (`idworkshop`)
) TYPE=MyISAM;

-- 
-- Dumping data for table `tblworkshops`
-- 

INSERT INTO `tblworkshops` (`idworkshop`, `chrworkshop`) VALUES (1, 'Month 1'),
(2, 'First Programme'),
(3, 'Second Programme'),
(4, 'Tapas'),
(5, 'Tantra 1'),
(6, 'Tantra 2'),
(7, 'KS 1'),
(8, 'KS 2'),
(9, 'KS 3'),
(10, 'The Art of Dying'),
(11, 'Complete Femininity'),
(13, 'Teacher Training Course'),
(14, 'Newsletter Testers'),
(12, 'Month 3'),
(15, 'Parapsychology 1'),
(16, 'Invoking Angels'),
(17, 'Vira Training'),
(18, '2006 Tour'),
(19, 'Teaching Staff'),
(20, 'Metaphysical'),
(21, 'UK Workshops'),
(22, 'Thailand Weekend Workshops'),
(23, 'Revelation of the Spiritual Heart Retreat'),
(24, 'Chiang Mai Registration'),
(25, 'Yogic Chiropractic'),
(26, 'Awakening the Crown Chakra Retreat'),
(27, 'New Year''s Retreat');
